feature,mean_abs_shap
TP53,0.15394671218195437
KRAS,0.12597403077506037
LogSNV_Mb,0.106919744346550005
ERBB2_Amp,0.05668230750852509
CN_Burden,0.039624316203239295
Del_16q,0.026285010607899676
ESR1,0.019515001805467197
CDKN2A_HomDel,0.01568004435699872
KRAS.G12D,0.014289610331938128
Amp_3q,0.013573915928721934
CBFB,0.01303587016416474
Amp_12q,0.012054088166377723
GNAS_Amp,0.011766738451264793
TP53_hotspot,0.011708922286257422
Amp_19q,0.011598678470055633
Amp_18p,0.011307140323066853
Del_6q,0.010939642554251382
Amp_7p,0.01035726712884831
PIK3CA,0.010004400045348527
Del_19p,0.010005130028453539
CCND1_Amp,0.009515206695591905
FGF3_Amp,0.009421328575105642
Amp_20q,0.00938152429014801
Del_4q,0.008871897946689477
Del_11q,0.008807995820644567
CDKN2B_HomDel,0.008323755697463145
Amp_6q,0.00823447307325622
Amp_15q,0.007989586117009567
MAP3K1_TRUNC,0.007049888131529333
SPEN,0.0064425351834041696
Del_15q,0.0057070019563825215
SMAD4,0.0055497707623565545
Amp_6p,0.005293714122757018
SF3B1,0.005242356604635739
RB1,0.0052274163844370485
Amp_16p,0.004961245580863505
Del_19q,0.004955552762825464
KEAP1,0.004915625967499672
MDM2_Amp,0.004896410493760957
NF1_TRUNC,0.004875078691840817
KMT2A,0.004687932518636316
AR_Amp,0.004479881051774429
Amp_2p,0.004373040612109048
Del_20p,0.004235484014817583
Del_8p,0.004235047295411066
PIK3CA_hotspot,0.004082118598005451
TCTA,0.003732472916590913
PTEN_TRUNC,0.0033887908614506006
GTGT,0.0033375835390685882
FOXA1_Amp,0.0032469668824360847
KMT2C,0.0032096492876346016
Amp_13q,0.0031064404610642127
FOXA1,0.0030707956451931006
KRAS.G12V,0.0030552862459325525
CREBBP,0.0030416223372060646
MAP2K4,0.0030234795801055963
RB1_TRUNC,0.0029982503350770517
ERBB2_hotspot,0.002615871952459852
TSC1,0.00260012023479239
PAK1_Amp,0.002574494622837681
CASP8,0.002544346009197696
Amp_17p,0.002510932603297101
Del_1p,0.0024699841864596556
Del_5p,0.002313326859785354
TTCG,0.0022853467929537657
ASXL1,0.0022669778468608843
ARID1A_TRUNC,0.0022549742616852627
Del_10p,0.0022461210402551076
KMT2D_TRUNC,0.0021830958432817785
Amp_1p,0.002167017230223201
PTEN,0.0021527271748353013
BRCA2_TRUNC,0.002112665695426752
PIK3R1,0.0018891610815823467
ATCT,0.0018417203018412827
ARID2,0.0017196896047105268
ARID1A,0.0016463861003949802
GCTA,0.0016258846649491222
PTPRS,0.0015778237320802939
Del_8q,0.0015326967098296584
PIK3CA.E545K,0.001499874548509843
JAK1,0.0014898219039362723
SETD2_TRUNC,0.0014880717152608693
DOT1L,0.0014611421491532719
CDKN2A_TRUNC,0.001442952128337373
NOTCH4,0.0013868131372319892
ACGC,0.0013716801235216043
STK11,0.0013345096471207873
SPOP,0.0013269858269918118
PDGFRB,0.0012906334996919827
Del_Xq,0.0012563711512948027
CDKN2A_hotspot,0.001254953250833991
ACTG,0.0012536810449394397
ATRX,0.0012332776674608273
PIK3CG,0.001210922500173874
FBXW7,0.001180058476676302
SMARCA4,0.0011459232391649362
Amp_11p,0.0011179300904835118
TCGG,0.0010735970039433818
TP53.R248Q,0.0010577984059996952
Amp_5p,0.0010242631574338386
TERTp,0.0009677794993860841
PTEN_hotspot,0.0008833042422253708
CCGT,0.0008813930767704894
LATS2,0.0008727060744710656
CTNNB1,0.0008598922481440158
Amp_Xp,0.0008583668076947728
PTEN_HomDel,0.0008434571187082974
PTPRT,0.0007980676499617947
EP300,0.000797084605555035
Del_10q,0.0007948081994752902
ATAG,0.000793181201626629
CTAC,0.000791209749126103
BRAF_hotspot,0.0007737829239641048
Sig_APOBEC,0.0007113488743046237
Del_22q,0.0007032022485548171
PALB2,0.000646370845569283
ATM,0.0006388983235887119
PIK3C2G,0.0006317955856646729
Amp_22q,0.0006224926294476758
Amp_18q,0.0006169063147552804
CARD11,0.0006154132324779585
CDH1_TRUNC,0.0006078909965945825
RECQL4_Amp,0.0005909970930475145
Amp_4q,0.0005768125310705781
INPP4A,0.000565384366700442
TTAG,0.0005650212884943653
POLE,0.0005644611476637556
Amp_10p,0.0005630915746638875
BRCA2,0.0005495446926146148
MEN1,0.0005481110416338563
PTPRD,0.000538632698423432
Del_20q,0.0005103705251899962
EPHA3,0.0005085522885184409
CCGA,0.0005024029746975072
TCTT,0.0004956277240573827
GCAA,0.0004939278680374883
CTCA,0.00043767863400606243
PIK3CA.H1047R,0.000415724744842899
ASXL2,0.0003970915924942355
TCTC,0.0003922641637759142
GTAC,0.00038531874512693167
NF1,0.0003723372706326285
IGF1R,0.00035458580010192556
KDM5C,0.0003526879744141117
Amp_Xq,0.0003479228626854741
Amp_21q,0.0003471058507406278
KDM5A,0.0003393396551339944
MSI_SCORE,0.00032942494047203985
CCGG,0.0003189350457125293
TERT_Amp,0.000313564715978302
BRAF.V600E,0.00031284906432321106
PDGFRA,0.00029644974770222653
TCGC,0.00029257941523365644
NOTCH3,9.604005594355354e-05
Amp_9p,9.196555564207649e-05
CCTA,8.977474779457452e-05
CTCT,8.681836451874687e-05
GTCC,8.267501889348005e-05
Del_1q,7.821159961910686e-05
CSF1R,6.825349481007155e-05
GCGT,6.78189601218638e-05
GCGC,6.62926940464115e-05
ERBB2,5.7607903997219786e-05
FAM123B,5.585423261318367e-05
Amp_3p,5.346993970878289e-05
ARID1B,5.1719976820294015e-05
ATAT,5.1327550841109486e-05
FGFR1_Amp,4.802000513477497e-05
NOTCH2,4.6067621856875995e-05
CCAA,4.229201351797916e-05
PTCH1,3.938584189267387e-05
SDHA_Amp,3.1920426910117506e-05
ACGT,3.0614001701511574e-05
GCTG,2.6491947014654346e-05
GCAC,2.5467524381176816e-05
PAK7,2.116083000368601e-05
IRS2,0
CTNNB1_hotspot,0
AXIN2,0
Amp_20p,0
CCAC,0
JAK2,0
RBM10_TRUNC,0
TTAT,0
ACTT,0
DICER1,0
CTCC,0
TTCT,0
ATCG,0
TCAT,0
ACAC,0
EPHB1,0
GTAT,0
CCTC,0
Amp_5q,0
KMT2D,0
AKT1_hotspot,0
Amp_14q,0
CCTT,0
ATM_TRUNC,0
TTAC,0
Del_13q,0
CTAT,0
GNAS,0
GTCG,0
Del_12p,0
Del_11p,0
LATS1,0
AR,0
ATR,0
ERBB3,0
LogINDEL_Mb,0
GTAG,0
NOTCH1,0
MDC1,0
RNF43,0
Amp_4p,0
STK11_TRUNC,0
Amp_9q,0
KRAS.G12C,0
FBXW7_hotspot,0
SMAD4_hotspot,0
KDM6A,0
NKX3-1_HomDel,0
ATCA,0
TCGA,0
ALK,0
GTCT,0
EGFR.E746_A750del,0
ACTA,0
GTCA,0
EGFR_hotspot,0
APC_hotspot,0
TCGT,0
RNF43_TRUNC,0
TCAG,0
GCTT,0
GCTC,0
GCGG,0
CTGT,0
CTGG,0
KMT2C_TRUNC,0
CTAG,0
Sig_Smoking,0
CCAT,0
CCAG,0
ATGT,0
ACAA,0
TET1,0
ACTC,0
TCTG,0
Amp_8q,0
Del_6p,0
TTCC,0
BRIP1,0
FGF4_Amp,0
TP53.R175H,0
TTGT,0
CDH1,0
Del_7p,0
Del_16p,0
CDK12,0
ACAG,0
Del_17p,0
ERBB4,0
FLT1,0
Amp_1q,0
PIK3CA.E542K,0
KRAS.G13D,0
KDR,0
MET,0
Amp_17q,0
NTRK1,0
TTCA,0
NCOR1,0
