feature,importance
CN_Burden,0.007432367888173874
TP53,0.003485079840973979
KRAS,0.003014438313515827
TERTp,0.002676154454114956
Amp_8q,0.00263595189515088
Amp_1q,0.0023435204678175143
Amp_16p,0.002335700995116289
CCTT,0.00224489591860445
PAK1_Amp,0.0020700241342427707
FGFR1_Amp,0.0020602438527346943
CDH1,0.0020297073192782635
Del_8p,0.0019171641067863324
Amp_7p,0.0018700810009471913
Del_10p,0.0018677335610439412
NF2,0.0018574977269203746
BAP1,0.0017569347168304506
TCTA,0.0017429308411554087
Amp_19p,0.0016736043800217692
Del_4q,0.0016500708412021364
AR,0.0016307519912160523
Amp_13q,0.0016227174979191413
Del_13q,0.0015764317674321318
Amp_21q,0.0015760535025984928
Del_Xq,0.001546289642303692
APC_TRUNC,0.0015458773369452811
Del_10q,0.00153637504981406
Del_16q,0.0015335425488565274
KEAP1,0.001528320093315153
Amp_12p,0.0015223585193372313
Del_18q,0.0015174862473214205
GATA3,0.0015170676567044566
Del_18p,0.0015125706798863822
ATRX_TRUNC,0.001496179883722743
Del_3p,0.0014959141275386117
LogINDEL_Mb,0.0014851650271453438
SOX9,0.001485008328730099
ERBB3,0.001476831862920574
Del_11q,0.0014697298600393194
AXIN2,0.001468776191141295
ESR1_hotspot,0.001462570462828517
KIT,0.0014470254719487845
ESR1,0.0014362563022595513
Del_17q,0.0014320435810555763
BRAF,0.0014223019549685339
TCGC,0.0014201605466831954
PIK3R1,0.001410400115520692
KMT2A,0.0014095062552532398
ATCG,0.001409294149518897
TCTC,0.0013884614572921394
NCOR1,0.0013817978421125933
ACTT,0.0013756056837098817
CTNNB1,0.001373898917713399
Amp_9q,0.0013677435925250239
ATRX,0.0013669476218894888
CARD11,0.001356117337739954
PIK3CA,0.0013544302072494557
CDKN2B_HomDel,0.0013503282471490669
SH2D1A,0.0013494390539494428
TCGA,0.0013477400418738738
TTAG,0.0013398383411418406
Del_16p,0.0013357758887280252
ERBB2,0.0013330506669317465
AXL_Amp,0.0013312746605138725
CDKN1B,0.0013264391115618802
NKX3-1_HomDel,0.001323220429266408
Cosine_Similarity_Max,0.0013196443534275566
IDH1,0.0013182323793243472
GCTC,0.001317402732530798
GRIN2A,0.001312746682247822
MSI_SCORE,0.0013101050767657342
ACTC,0.0013058192845744243
CCND1_Amp,0.0013046312271283553
RAD51,0.0013027734202737562
FOXA1_hotspot,0.0013003369290793222
CDH1_hotspot,0.0012974666226692477
CDC73,0.0012965536647282236
RPS6KA4,0.001295170483666547
GCGG,0.0012898282132395994
TCAA,0.0012876787640305517
CDKN2C_TRUNC,0.0012876052237473052
Del_3q,0.001284512774994437
APC,0.001284242107032931
CDKN2A_HomDel,0.001282212940692964
JAK1,0.0012806198983191285
Del_20p,0.0012787194407405883
BRAF_hotspot,0.0012768361476243942
APC,0.0012766797475525344
REL,0.001273603570998218
Del_2q,0.0012709074196593083
Amp_7q,0.0012691086396398536
Sig_UV,0.0012672363973121644
MAP3K1,0.0012651767367945139
RET,0.0012650636850933988
CCTC,0.0012645494248621136
BRD4,0.0012645475816029676
MLH1,0.0012628103837649446
APC.Q1378*,0.0012556291576202177
PTEN.I28S,0.00125503226638945
BBC3,0.0012523522238158523
EPHA3_TRUNC,0.001252168292177305
SDHC,0.001251796525424294
EGFR.D256Y,0.0012499401924458992
CDH1_TRUNC,0.0012496048203397194
MAP2K2,0.0012495337173187779
SMAD4_hotspot,0.0012493401215902466
AURKA,0.0012481534895892404
Amp_16q,0.0012480364711689612
DIS3,0.0012463730865247722
PRDM1_Amp,0.0012453573823546652
MET,0.0012440625129989977
EGFR_SV,0.0012427662447913284
ERCC5_Amp,0.0012420867325964812
Amp_3q,0.001242072060251601
PTPRD,0.0012361620250144517
TP53.G245C,0.001231694375449849
PIK3R1,0.00123160721079047
IRS2,0.0012291269102052286
HNF1A,0.0012285274431542274
Manhattan_Distance_Mean,0.0012267854423958335
FBXW7_hotspot,0.0012261274349305038
ASXL1,0.0012256893115950487
ERCC5,0.0012235299963104555
EGFR_Amp,0.0012234308834346904
GCTG,0.001221817857200474
HRAS,0.0012215758609105576
PDCD1,0.0012212333714481064
CDK6,0.0012193697082819048
MYCL1_Amp,0.0012187174711362266
EGFL7,0.0012186483471771864
KRAS_hotspot,0.0012141339538462653
Del_19q,0.0012135504656993307
ACGG,0.0012124656848229345
TP63,0.0012124587657594476
CDK4_Amp,0.0012105239310001182
RPTOR,0.001209729026698725
ARID1A,0.0012078841974309986
MDM2_Amp,0.0012075635512148798
CSF1R,0.0012074285310439213
FGF19,0.001207253222347534
LogSNV_Mb,0.0012067778137177677
CTAT,0.0012067199430255795
RECQL4,0.0012065654616569782
DNMT3A,0.001205412878754422
TGFBR1,0.0012049106295889474
SETD2_TRUNC,0.0012034060622328347
DICER1,0.0012032971646113904
EPHA3,0.0012032489427579265
CTLA4,0.0012022194681578112
FLT4,0.001201543732141474
Euclidean_Distance_Mean,0.001200700853197444
CCTG,0.001200065916240758
Del_6p,0.0011997077226918937
GNAQ_Amp,0.0011957856692840743
Del_8q,0.0011938511993560212
PAK1,0.0011933592117185467
IDH1,0.0011932393738096105
PIK3CD,0.0011929036575095392
CDK4,0.001192355033180052
EWSR1_fusion,0.0011913017592694915
Amp_10p,0.0011900200419910805
STAG2_TRUNC,0.001189180455906551
TSHR,0.0011884265668890288
ATR,0.001188230936895195
GNAQ,0.0011864417311720648
IKZF1,0.0011862150104961593
ERBB2_Amp,0.0011845806034824133
LMO1,0.0011832717985556282
XIAP_Amp,0.0011829895388311645
ATAA,0.001182924921612598
PRDM1_HomDel,0.001182485302690232
RB1,0.0011821736963745974
GATA3_Amp,0.0011813634704478182
Amp_4p,0.0011772108898926844
PTEN,0.0011769902327176047
Amp_5p,0.0011756396970953992
TCGT,0.0011747930519257896
E2F3,0.0011747254138138484
CTGT,0.0011738491473361249
Del_Xp,0.001171146727332321
GTGC,0.0011696275114649569
TET2,0.001169382683769395
CDK6_Amp,0.0011683278904788643
SETD2,0.0011682134381448327
KMT2C,0.0011660426716310042
NOTCH3,0.0011643634333770012
RARA,0.0011640978098901502
RECQL4,0.001163399219318567
TCTT,0.0011627779117344445
STK11,0.0011622077818562574
NF1,0.0011615171249643368
ERBB2_hotspot,0.001160486367381312
PTEN.R130G,0.001157739870183973
TP53_TRUNC,0.0011545190112888547
TNFRSF14,0.001151883968986883
TGFBR2_TRUNC,0.0011512513074326282
DIS3_Amp,0.001150785458705848
BRIP1_TRUNC,0.0011503516659674654
PARP1,0.0011503038466752769
RICTOR,0.0011500221333097201
RB1.X127_splice,0.0011500090304952886
PMS2,0.001149562323698108
XPO1,0.00114917850535427
GNAQ.Q209L,0.0011483393698792526
JAK2,0.0011477152248219504
CCND2_Amp,0.0011475509611760285
RB1,0.0011471317478482415
APC_hotspot,0.0011469698931954313
ATRX,0.0011447649911971852
MLH1_TRUNC,0.0011447635439296674
ABL1,0.0011440390137374555
Amp_20q,0.0011436750668125998
PBRM1,0.0011412622395871764
ATM,0.0011411284264376668
PTEN_HomDel,0.001140568537646102
Amp_2p,0.0011399836863298367
CREBBP,0.001138193821566067
CCND2,0.0011379717088367638
TRAF7,0.0011363329309892678
TCAG,0.0011360658542045354
NOTCH4,0.0011352580016443764
PHOX2B,0.0011332287162243786
GNAQ,0.0011315394041331835
MAP3K13,0.0011305441534072045
SDHA,0.0011292988850068447
SOX9,0.00112879547520499
BCOR,0.0011287459722607045
FGFR3,0.0011280892472238836
EED,0.001127161714446211
BRCA1_TRUNC,0.0011268112691647338
Amp_9p,0.0011264431650505314
PDGFRB,0.0011262160010421546
CASP8,0.0011261577844676868
CRLF2,0.0011254749544067897
CDKN2C,0.0011249957541582339
POLE,0.0011248515162178576
CDK8,0.001124701314938144
VHL,0.0011235979193554915
PIK3CG,0.0011224386733769626
CCAC,0.001121506794271416
GCTT,0.001121047386325112
TP53.X261_splice,0.0011209795506041502
SF3B1.R625H,0.0011209400569418175
MTOR,0.0011206479194342364
CDKN2B,0.0011205210051309755
AXL,0.0011199974410425239
MAP2K4,0.0011192260536596705
FUBP1,0.001118539049746652
HNF1A,0.0011185354688332183
SMAD4,0.001118460138224861
TERT,0.001118054576583794
ACAA,0.001117851043244225
PIK3CA_hotspot,0.001117694037634244
MAPK1,0.0011173294952738658
PARK2_Amp,0.0011163618737040763
PIK3CB,0.0011155462639507532
JAK3,0.001115500006120652
NTRK2,0.0011154913172131814
AURKB,0.001114142065408588
Del_9q,0.0011141018061942998
ERCC3,0.0011137220750761661
GTCA,0.0011119744122606095
TGFBR2,0.0011101307821446047
FOXA1,0.0011100278187403877
Del_7q,0.0011099335403806066
PTPRT,0.0011098499999285865
BCL6,0.0011090565862999678
ASXL2_TRUNC,0.0011081274837624602
CCND2,0.0011070112400172656
CDH1.Q23*,0.0011063579792974152
Del_15q,0.0011061704075106516
FGFR2_TRUNC,0.0011058013317218132
MDC1,0.0011057767061933227
EGFR,0.0011050911505959883
RHOA_Amp,0.001104549097524467
PTEN.Y336*,0.00110387830560164
PIK3C2G,0.0011034579936148852
SOX9_TRUNC,0.0011034215279892557
MAP3K1_TRUNC,0.0011032450482383741
NF1,0.00110187277886133
BCL2,0.0011015016591694466
BRIP1,0.0011013274250148218
PIK3R3,0.0011012390533767492
MDM2,0.001100791372999199
MET.X1010_splice,0.0010995353455235115
FOXL2,0.0010994478770909371
Del_1p,0.00109906837634911
BLM,0.001098533416530911
YES1,0.0010975823546000973
CCND3_Amp,0.0010962179912823214
Amp_18p,0.001095809659990351
AR_Amp,0.001095704129714569
SF3B1,0.001094650231253918
TNFAIP3,0.0010946304181052914
ESR1,0.0010941183775978456
GSK3B,0.0010923010335551714
SMARCB1_hotspot,0.0010913580339944804
NF2,0.0010909741202053405
RYBP_TRUNC,0.0010908656733844165
IGF1R,0.0010902155360710567
NTRK1,0.001090205575039638
GTAG,0.0010889543892029776
FGF3_Amp,0.0010875964656352135
ACGT,0.0010869178534363836
NOTCH1,0.0010859713452705242
APC.Y935*,0.0010857319415513386
RIT1,0.0010846295171917583
PDPK1,0.0010839358278999641
IDH1.R132C,0.0010834340273155401
TP53_hotspot,0.0010832000976084548
ASXL2,0.0010828093770231476
ERG,0.001082208485323839
KRAS.G12D,0.001081655551136313
RUNX1,0.0010802372570972508
ESR1.D538G,0.0010796087771285283
EPHA5,0.0010795104876199983
TP53,0.0010789828981571017
MYC,0.001078598527105958
IL7R,0.0010785349015467265
CCND3,0.0010761979739943057
TBX3,0.0010754825135839059
BCL2L1,0.0010751771381103147
KDM6A,0.0010750907742931195
AXL_TRUNC,0.0010742014483003726
PIK3CG,0.0010737259150467363
ERCC2,0.0010737226626791807
PLK2,0.0010730143236088727
KMT2D,0.0010727182382614037
MCL1_Amp,0.0010726838938749234
TET1,0.0010722416214597045
TMEM127,0.0010708134461094095
EZH2,0.0010706234715202167
MAP2K1,0.0010705524211835874
ROS1,0.0010701520304849817
MET_hotspot,0.001068914258635606
FOXA1,0.0010685313291426296
ARID1B,0.001068427370216309
PTEN_TRUNC,0.0010683423951139094
Amp_15q,0.0010679866375910118
PIK3CA_Amp,0.0010676301597371757
GCAT,0.0010674622749255766
GRIN2A,0.0010668399531615414
NKX3-1,0.001066421345205768
FOXA1.D226N,0.001066138191335668
MITF,0.0010659474160155116
ATM_hotspot,0.00106568020527275
Del_19p,0.0010655876862837844
Del_5q,0.0010651586150110643
IRF4,0.0010647885966489602
MAP3K1,0.0010646289180322442
SOX17,0.0010633371294023514
Del_14q,0.0010628867445592962
MLH1,0.0010624731055880235
KMT2D,0.0010614946624268112
KDR,0.0010605424077133297
AKT1,0.001059411501084771
SF3B1,0.0010590659289674796
PTPRD,0.0010590114076516567
TP53.F270V,0.001057445685279513
PMS2,0.001056177315222601
Del_11p,0.001055954928402767
BRAF,0.00105573081844821
PIK3CA.E453K,0.0010550170395431685
MET_TRUNC,0.001054780321243935
SMARCB1.R377H,0.001054719227887676
Amp_14q,0.0010530564843951463
MRE11A,0.0010528394259527022
PIK3CA.E545K,0.001052563448570141
CTGG,0.0010523665197881876
ARAF_TRUNC,0.0010518566229276638
KMT2C,0.001051843327422321
ARAF,0.0010516522793713968
MET,0.0010505275379769426
Amp_6p,0.0010498022507768976
RNF43,0.0010488413824946653
KIT,0.0010481564487567587
TSC1,0.0010474703661837292
LATS2,0.0010468843344540965
ERBB2.Y772_A775dup,0.0010457960301838995
TP53.P152S,0.001045727434024188
MYOD1,0.001044833168770247
TP53.Y220C,0.0010442156699839794
RET,0.0010441772600345664
EGFR.G598V,0.0010434322267114345
SYK,0.001043378513164759
HGF,0.0010430802980566042
MAX,0.001042304764112951
TP53.G266*,0.0010417408667831194
IDH2,0.001041454331747431
CUL3,0.001041090430280985
Del_5p,0.0010407484364761688
JAK1,0.0010402025663129894
NKX2-1,0.0010394098774927647
SUFU,0.0010389814439379901
FGFR2,0.0010388814672710094
ERG_TRUNC,0.001038451952827446
PIK3CA.H1047R,0.001038447152714864
GATA1,0.0010383238404167432
Del_12q,0.0010380735821094423
MAPK1_Amp,0.0010372180591119197
IGF2,0.0010367931194711077
ERCC5,0.0010365853442491305
SDHB,0.001035385455681554
BARD1,0.0010345000322053027
HRAS.Q61R,0.0010343688560344125
PTEN.X342_splice,0.001034297550654245
CCAT,0.0010342339502904746
MYC_Amp,0.0010341422296238122
CTCT,0.0010340203952641323
IGF1,0.0010337767048011104
ASXL2,0.001033283031948418
CD276,0.001033002210347836
IRS2,0.001032450438560586
PALB2,0.001031468594173618
RAF1,0.0010314636035678709
Amp_11p,0.0010312289735093768
CDK6,0.0010311216638846528
TTGC,0.0010298536780379672
MSH2,0.001028987333832809
U2AF1,0.001028800672302088
MEF2B_TRUNC,0.0010273356128401032
CDK12_Amp,0.0010270329684464344
NRAS,0.0010268851500335073
AKT2,0.0010263911188769833
BRCA1,0.0010261858571172786
ABL1,0.0010246988082688994
CRKL,0.0010237158884835887
CHEK2,0.00102334110440997
CCGG,0.0010228580006272114
SMAD4_TRUNC,0.0010226518035889342
BCL2L11,0.0010225696114911484
CD274,0.001022216213861903
PDGFRA,0.001022041150841534
RASA1,0.0010207847953474626
GNAS,0.0010200783535706383
FH,0.0010192276474439766
TP53.C176Y,0.0010189357585826033
STK40,0.0010184992991039937
RHOA,0.0010182072995947406
RICTOR,0.0010178494003121397
PALB2_TRUNC,0.0010177887350328802
DAXX,0.0010172849904425704
NPM1,0.0010170980826855016
TP53.R175H,0.0010169507388833625
PAK7,0.001016492416813486
RAD51C,0.0010155905624301684
CCNE1,0.0010154619733482703
NOTCH2,0.0010153703317284921
FGFR4,0.0010150669463661235
TET1,0.0010145763506829472
PTCH1,0.0010140744661223471
NF2_TRUNC,0.001013955306886965
CTAG,0.0010138255799538474
AXIN2,0.0010136509061630446
ARAF,0.0010125600665216907
PTPN11,0.0010119056983387753
CTCG,0.0010113706350688484
KDM6A_TRUNC,0.0010113106702791983
FANCC,0.0010112421780465734
NOTCH1,0.0010110967024478713
GTGG,0.0010105737167222138
Del_6q,0.0010098692885137904
MSH6,0.0010093451907151158
ERBB2,0.0010090368533355203
RB1_hotspot,0.0010088281061125563
PMS1,0.0010086916614299266
CTAC,0.0010083967419658548
CBL,0.001007978754550388
MAP2K2_Amp,0.0010075761324091922
STAG2,0.0010063312056484324
SPOP,0.0010060349299684456
BRAF.V600E,0.0010060310818103156
TERT_HomDel,0.0010058228124694244
PRDM1,0.0010044874507255707
MSH6,0.0010043876627507209
HRAS_hotspot,0.001003953850498899
KMT2C_TRUNC,0.0010032868845120731
TP53.R248Q,0.0010032086825066695
WT1,0.0010028645124772685
ARID1A,0.0010025805172769397
INSR,0.001002293647807366
KRAS.G13D,0.0010020280078220202
Amp_3p,0.0010019843944447824
EPHA3,0.0010019495073407033
ERBB4,0.0010012445700717674
SETD2,0.0010011513439101428
ERBB3,0.0010008898073830988
BRCA2_TRUNC,0.0010007384429110667
SDHAF2,0.0010006380162797049
TCAC,0.0010005998392542985
HIST1H1C,0.001000562804745831
BRIP1,0.0009995039985331083
IGF1R,0.0009993043595910957
EPHB1,0.0009986670015014753
SOX17,0.0009984071783317695
DDR2,0.0009980032830631672
ICOSLG,0.0009975645629676838
PIK3C2G,0.0009973426527751996
MYCN,0.0009969577507575106
GATA2,0.0009968975006067156
SPEN,0.0009967935406427265
SOX2,0.000996757395157784
LATS1,0.00099648570285348
STK11,0.0009964393207712403
TMPRSS2_fusion,0.0009963459200394373
BCOR,0.0009953485375601347
ALK,0.0009950999360354928
ATCA,0.0009933356470702814
ACTG,0.000992672423111625
ACTA,0.0009922715227634188
PIK3CA,0.0009916757592772357
SHQ1,0.0009910386287759305
Del_20q,0.0009887654196507603
BTK,0.0009884280529667518
CDKN2A_hotspot,0.0009879979093708594
CDKN2C,0.0009876302468512315
MEN1,0.0009865200293060234
CCND1,0.0009862238232019958
MDM2,0.0009861985294492362
PIK3CA.Q546R,0.0009860251924722076
LATS1,0.000985880794837915
PTPRT,0.0009849299549012085
ARID1A_TRUNC,0.0009845630665779213
KIT_hotspot,0.0009843486731972411
Del_4p,0.000984317564764947
CCND1,0.000984160935100737
EPHA5,0.0009838978696699648
RYBP,0.000983615971881861
AKT2_Amp,0.000982887398787967
TERT,0.000982847966114258
RAD50,0.0009821353592790927
FGFR3_fusion,0.0009821062118338714
SDHB_HomDel,0.0009819497564256146
Amp_8p,0.0009816173259583863
MDM4,0.000981449670197364
KRAS.G12V,0.0009814099874562961
IRS1,0.0009810477936607201
EPCAM,0.0009796499661119933
CCAA,0.0009794618495737588
ETV1,0.000978000577929842
CRKL_Amp,0.0009778580474173045
Amp_20p,0.0009775349434771468
MET.D1010N,0.000977400199290621
ATAT,0.0009772108436358704
IKBKE,0.0009767036993688443
RAD51C_Amp,0.0009766075221680553
EGFR.R108K,0.0009764547251032496
WT1,0.0009760873038033176
GNA11,0.0009758524598926158
TSC2,0.0009755027748793443
Amp_1p,0.000975477231900921
IDH2,0.0009754399222383791
PALB2,0.0009751664365295843
FANCA,0.000975145595304219
TET2,0.0009744070392409565
IL10,0.0009737186256413555
INPP4B,0.0009731735883216923
STAG2,0.0009729712041752378
HIST1H2BD,0.0009726084311756966
Amp_10q,0.0009719179700060088
Sig_MMR,0.0009719171015979938
CARD11_TRUNC,0.0009717714710385709
Del_12p,0.0009714527676047269
EP300,0.0009711944321698262
PTEN,0.0009704731103638203
CDKN2A,0.0009683675336199455
SMARCA4,0.0009671146900213862
GNAQ_hotspot,0.0009661507789674936
CREBBP,0.0009661147595999232
KMT2A_TRUNC,0.0009658517556757079
JUN,0.0009657733124181372
ARID1A_HomDel,0.0009650396281945841
RB1_TRUNC,0.000964081805423462
FGF4,0.000963646188485371
RAD50,0.0009627943738093264
SOX17_TRUNC,0.0009621248015102005
IDH1_hotspot,0.0009617233044728102
Del_17p,0.0009614444784375938
BAP1_HomDel,0.0009612422636792414
ALK,0.0009610108190755617
PDCD1,0.0009605746745841676
INPP4A,0.0009601921126233248
DNMT1,0.0009598650234747226
KIT.Y570_L576del,0.0009596894594310532
RASA1,0.0009596561672948645
Amp_17q,0.0009586729921210925
KDM6A,0.0009581859056996238
CTCF,0.0009567250204547978
CCTA,0.0009563759834822375
SMARCB1,0.0009562683395823563
POLE,0.0009551847107640321
TOP1,0.0009549832105085784
BMPR1A,0.0009548490883068874
Amp_2q,0.0009545680879824019
CTLA4,0.0009542008902674559
EIF1AX,0.0009534518107543799
NTRK3,0.0009526127881650339
VTCN1,0.0009522584260368351
TTCA,0.0009519323261101989
SMAD4.S178*,0.0009517727463827741
PRDM1,0.0009516542099715439
PRKAR1A,0.0009512758042926519
CHEK1,0.0009492084359468836
PMAIP1,0.0009479598857952826
ERCC4,0.0009470094212403995
KDM5A,0.0009469567285639594
FGF3,0.0009466147137071497
YAP1_HomDel,0.0009462151290470483
CCGA,0.000945566908614819
PIM1,0.0009450364868218524
Amp_22q,0.0009446386065007453
FGF19_Amp,0.000943960511113499
NSD1,0.0009433066668605186
FLCN,0.0009427868243097946
CIC,0.0009426325286080895
POLE_TRUNC,0.0009424887626085896
RBM10_TRUNC,0.0009424004436392379
MED12,0.0009418953739339414
ATM,0.0009418429282902826
MYOD1,0.0009418378595671878
ATGT,0.0009403102512020212
AXIN2_TRUNC,0.0009400503478961041
TBX3,0.0009396864060969921
RBM10,0.0009390178144315553
SOCS1,0.0009386713123435489
FANCC,0.000938389297268517
SMAD2,0.0009374456800810434
PTEN_hotspot,0.0009371058390045291
CCNE1_Amp,0.0009368442601650726
MUTYH,0.0009367704177375144
Del_7p,0.0009366513372529726
INPP4B,0.0009365387376670744
MCL1,0.0009360667129663058
ATR,0.0009358342726942437
TP53.I255del,0.0009354305877421265
ACAC,0.0009347788219907837
FGFR2,0.0009346648501036309
CDKN2A_TRUNC,0.0009342081656565098
SF3B1_hotspot,0.0009329824870480279
RPS6KB2,0.0009322213181133517
PIK3C3,0.0009320230960064802
PNRC1,0.0009312153567858952
IRF4,0.0009308234955865867
GCTA,0.0009300921823749346
RASA1_TRUNC,0.0009298700876886316
SMARCD1,0.0009294011960221318
BRCA1,0.0009291213754876046
ETV6,0.0009283763348736055
AXIN1,0.0009257313013607643
CBL,0.0009251720334600983
CDK12,0.000924868617995776
ATM_TRUNC,0.0009247092531649239
CDKN1A,0.0009246715056146021
PPP2R1A,0.0009246263253439331
MPL,0.0009244400320880482
RAD54L,0.0009240837010558231
EZH2,0.0009225957421018029
PAX5,0.0009222397551118616
EGFR.E746_A750del,0.0009221829955189134
CDH1,0.0009221547398527855
FLT3,0.0009209128121968171
PIK3R2,0.0009200284639655004
GTCC,0.0009199462420498588
MEF2B,0.0009194295253432544
FBXW7.R465H,0.0009188028716718197
IL7R,0.0009186710078329122
CDK12,0.000917519940324818
Del_2p,0.0009168095737163237
PTPRS,0.0009155565733516856
ROS1,0.0009152068563997858
AKT3,0.0009143774140732441
SPEN_HomDel,0.0009143037059957904
BRCA2,0.0009142428421331331
SUZ12,0.0009140312471773257
PIK3CB,0.0009137336160193216
FBXW7,0.000913489763338407
PIK3R1_hotspot,0.0009133779023390446
RAD52,0.0009126344869353824
FGF4_Amp,0.0009116116458623108
HGF_HomDel,0.0009103137117141081
PTPRS_Amp,0.000910149254222448
KDM5C,0.0009100295723639824
PAK1,0.0009099384120267261
RYBP,0.0009089706218511001
NFE2L2,0.0009078173927199735
SMAD4,0.0009053977640530716
EGFR_hotspot,0.0009051883949855704
GATA2,0.0009044656676877957
Amp_19q,0.0009035907174417511
BRCA2,0.0009031293646501235
ARID2,0.0009022139444394339
TGFBR2,0.0009019464247896447
NBN,0.0008999702530480072
GCAA,0.0008984321734878403
GCGC,0.000898342917743672
Del_22q,0.0008981416985804975
FLT1,0.0008979226321283672
SMARCB1,0.0008975190763221163
KDM5C,0.0008974093112305448
GTCT,0.0008972789853066804
TSC2,0.0008969030128043354
CCGC,0.0008962946227205593
MEF2B,0.0008959364719917959
CDKN2A.E120*,0.0008956740112208436
FGFR4,0.0008934543760021371
KRAS,0.0008933520230235825
TSC1_TRUNC,0.000892474586365068
ACAT,0.000892183213502798
ASXL1,0.0008916914988356993
JAK1_TRUNC,0.0008911018687204078
SMAD3_HomDel,0.0008909295222337202
RPTOR,0.0008908967568035084
CTCF,0.0008903362429451041
B2M,0.0008893405873420671
ROS1_HomDel,0.0008889226655343397
MYD88,0.0008883456582839507
RNF43_Amp,0.0008881878120992521
KMT2A,0.0008879761515664663
TMPRSS2,0.0008871691701068177
FAT1,0.0008865287014420708
DNMT3B,0.000886434431373273
RECQL4_Amp,0.0008856683193255502
FGF4,0.0008852991696867349
SMAD3,0.0008821831477677234
TP53.X332_splice,0.0008787289047738777
SPEN,0.0008779939216823875
NOTCH4,0.0008759670038868173
TP63,0.0008759624284993535
FBXW7,0.0008753410358166156
PIK3CA.R88Q,0.000873871551289959
PIK3R1.G376R,0.0008738373684953941
HRAS,0.0008731800300045067
EGFR,0.0008701158921258236
CIC,0.0008650764000607993
NBN_Amp,0.0008648244898446182
TNFRSF14,0.000861334173893983
ATGA,0.000861025680426527
MTOR,0.0008593673377300222
DOT1L,0.000859177905857936
Amp_12q,0.0008587850352983474
GREM1,0.0008580227846375926
CCAG,0.0008572376295976635
LATS2,0.0008572151177952403
DAXX,0.0008558423730188288
TP53.E298*,0.0008545672846245533
Del_21q,0.0008539216516805237
CDKN2A,0.0008534345575164272
CBFB,0.0008521238994826574
BRAF.L485W,0.0008511820740355648
NSD1,0.000849423053383008
Amp_Xp,0.0008490685634569616
ATM.R1466*,0.000848959757486949
TP53.E258D,0.0008486503844166503
SDHD,0.0008466136376875596
TCGG,0.000844490221671572
AXL,0.0008432551797461239
ERG,0.0008427874420952983
NOTCH2,0.0008408621474441588
XIAP,0.0008373737275039911
TSC1,0.0008371067454486683
Del_9p,0.000835641916392333
SYK_Amp,0.0008346001558880814
ARID5B,0.0008309121764589131
TTGG,0.0008270101935219259
SMO,0.000824942753292656
APC.E1379*,0.000823062022655504
ERBB4,0.000822616677313881
KLF4,0.000814733729267362
TP53.X126_splice,0.0008112654153064702
FGFR1,0.0008104100008833468
TP53.R196*,0.0008093072685247527
IFNGR1,0.0008076655845865651
XPO1,0.0008066375867262295
DCUN1D1,0.0008022241685219824
ROS1_TRUNC,0.0007981095645379938
FAM46C,0.0007971668164966219
CARD11,0.0007945036443532422
RBM10,0.0007940844055536731
ATCC,0.0007929951829292354
TCAT,0.000792837678743728
TCTG,0.0007924709171270532
YAP1,0.0007912925721241396
ERBB2.S310Y,0.0007902765229041482
RNF43,0.0007895616445001211
FOXP1,0.0007893519593436569
RAF1,0.0007814920657062377
TP53.R342P,0.000778364184317825
NTRK2_Amp,0.0007776969055031152
Amp_5q,0.0007621156607328151
SRC,0.0007597712629377812
MYC,0.0007526490412163951
CD79B,0.0007496377490182427
RAC1,0.0007392469964008369
SRC,0.0007318950861769755
TGFBR1,0.000719457513089191
BAP1_TRUNC,0.00034701941221236825
RB1_HomDel,0.00034183800251869333
GATA3,0.00028120365086218674
Amp_Xq,0.0001770600221165951
RARA,0.00015906992815157772
GATA1_Amp,0.0001575412945290289
NF1_TRUNC,0.00015555537849672735
Sig_Smoking,0.00014454882995598394
GATA3_TRUNC,0.00013917194375577248
Del_1q,0.00013557191652803757
Amp_17p,0.00013282874849342502
FGFR2_Amp,0.00012474015693519685
BCOR_TRUNC,0.0001246231145460054
IFNGR1_Amp,0.00012436394249375305
IDH1.R132H,0.00012296344165228093
RIT1_Amp,0.0001145167866842391
TNFAIP3_Amp,0.00011075062495094606
Amp_18q,0.00010938253488328021
SHQ1,0.00010846855070450804
ATCT,9.690645447348991e-05
CTNNB1,9.196661387496766e-05
ESR1_Amp,9.001156914532905e-05
DDR2,8.860849883406943e-05
RBM10_Amp,8.759238618876404e-05
ATAG,7.992029686268466e-05
TTGT,7.708569653059123e-05
MYCN_Amp,7.514999613908086e-05
TTCG,7.429828115713661e-05
PRKAR1A_Amp,7.092170217294003e-05
RNF43_TRUNC,6.918056797259944e-05
TP53.C135Y,6.858194990507205e-05
ARAF_Amp,6.767651780266307e-05
GCAG,6.338047361692382e-05
NCOR1_TRUNC,6.147920703568497e-05
TTAA,6.066572052855889e-05
U2AF1_Amp,5.933308574220429e-05
KIT_Amp,5.922536840651276e-05
GTAT,5.87884830798833e-05
KMT2D_TRUNC,5.7371045249175985e-05
PDGFRA_Amp,5.4970961956936054e-05
ROS1_fusion,5.418898155358398e-05
ACGC,5.370186558194415e-05
Amp_11q,5.341530454095458e-05
INPP4A,5.3275772986039544e-05
DNMT3A,5.298280158740158e-05
CCGT,5.273776530746452e-05
TTCT,5.227787963770201e-05
CARD11_Amp,5.212231766970916e-05
NOTCH2_Amp,5.192947019179178e-05
ALK_fusion,5.062278083593443e-05
TP53.X307_splice,4.387774558920381e-05
ACAG,4.15456707532063e-05
CTCC,4.1013246458462615e-05
TP53.H214R,4.0186010249552134e-05
MAP2K4,4.0027031319722404e-05
CBFB_TRUNC,3.9944434840214484e-05
Amp_6q,3.963034804783096e-05
FAT1,3.861360779294496e-05
Sig_APOBEC,3.858060993891088e-05
ACGA,3.731965483263907e-05
TERT_Amp,3.582848355393778e-05
AXIN1,3.580705330763828e-05
ERCC2_Amp,3.5734764859769054e-05
TP53.M237I,3.562908153723252e-05
TP53.X225_splice,3.521391913370641e-05
DDR2_Amp,3.51437326056575e-05
MAX,3.503964190582015e-05
GCAC,3.4449311911239196e-05
NKX2-1_Amp,3.426252499443814e-05
MET_Amp,3.425003803121908e-05
BAP1,3.340731464167124e-05
MAX_TRUNC,3.339658978459301e-05
MPL,3.297973213212828e-05
ICOSLG_Amp,3.295879211402391e-05
GNA11,3.295861974164389e-05
IKBKE_Amp,3.251669784051006e-05
KDM5C_TRUNC,3.102224662486835e-05
BLM,3.091195373751992e-05
EED_Amp,3.071574588212797e-05
TTAC,3.0595931835456746e-05
ASXL1_TRUNC,3.0441869733646172e-05
RAD52_Amp,3.017364049447575e-05
TET2_TRUNC,3.0168052842695412e-05
GNAS_Amp,3.014697398262654e-05
SOX17_Amp,3.0035792538864888e-05
PPP2R1A_hotspot,3.000193806270112e-05
CDKN1B_TRUNC,2.99682902435666e-05
GCGA,2.9651489782234475e-05
EP300,2.9645871789455887e-05
STK11_TRUNC,2.9606579932751643e-05
BCL2L1_Amp,2.9581460294316558e-05
CDK8_HomDel,2.9398686012014283e-05
RFWD2,2.9320446915435697e-05
SMARCA4,2.874388508403906e-05
TP53.E294*,2.851897331287304e-05
TRAF7_Amp,2.8405720500654805e-05
NTRK3,2.834179266331855e-05
PIK3R1_TRUNC,2.8262379210842514e-05
SDHC,2.7964746223238653e-05
MED12,2.6807413520111707e-05
SUZ12_Amp,2.6519049231440232e-05
PPP2R1A.S256F,2.6497015982753546e-05
GATA1_HomDel,2.6427508236829046e-05
KRAS.G12S,2.4766568741930097e-05
MAP3K13,2.439088512249274e-05
NOTCH3,2.3482875108100293e-05
MSH6_TRUNC,2.3397450122663528e-05
APC.Q1406*,2.335901873943244e-05
KRAS_Amp,2.3304115385484407e-05
TSHR,2.3159865353770906e-05
FBXW7_TRUNC,2.3145620487937648e-05
CRLF2_HomDel,2.2777067921231094e-05
ETV6_TRUNC,2.2746603109939467e-05
FLT1,2.2675547777084843e-05
PTPRT_TRUNC,2.256133866946516e-05
KMT2C_HomDel,2.2540559909405062e-05
BLM_TRUNC,2.21268277712092e-05
TP53.R273C,2.199047950550071e-05
MAP2K1,2.1867316054575383e-05
GTAC,2.1767230790735674e-05
FAT1_TRUNC,2.1682368598681122e-05
FBXW7_HomDel,2.145861786983008e-05
MAP3K1_HomDel,2.1415692600995847e-05
GTGT,2.140872641285831e-05
HGF,2.116036328036147e-05
KRAS.G12R,2.0835975622697572e-05
FLT4,2.0830340087763017e-05
FGFR3.R248C,2.0690624660161718e-05
NCOR1,2.0607192759141664e-05
KEAP1,2.0408528643723725e-05
KDR_Amp,2.0303181091296352e-05
NRAS_hotspot,2.0135851838323972e-05
IRS2_Amp,1.9984329367808276e-05
ATGG,1.9813456996737224e-05
TTCC,1.9496929491330605e-05
AR,1.9404701763867187e-05
NTRK2,1.9399034786449727e-05
CTNNB1_hotspot,1.921918397073264e-05
NOTCH3_TRUNC,1.9090090696881715e-05
AURKA_Amp,1.9087369854215883e-05
ARAF_HomDel,1.8890008368328505e-05
GNA11_hotspot,1.8816304359869614e-05
GNAS,1.84578178212495e-05
CASP8_Amp,1.817067321687484e-05
SPOP,1.8108023822870516e-05
PIK3CA.C420R,1.7708848573384663e-05
ETV6,1.768162937077088e-05
KRAS.G12C,1.7644834844018124e-05
CTNNB1.T41A,1.7542067330633262e-05
PIK3C2G_Amp,1.7237101631059167e-05
ERBB3_hotspot,1.7032916387948264e-05
MAP2K1.P124S,1.701038259360355e-05
PBRM1,1.6948998379190946e-05
CDK12_TRUNC,1.686430966084958e-05
STK11_Amp,1.6743297622449427e-05
ARID5B_TRUNC,1.6742467645145206e-05
SPEN_TRUNC,1.6443611303085773e-05
CUL3,1.6310783079334037e-05
SRC_Amp,1.5979266449592578e-05
ERBB3_Amp,1.5976664136140394e-05
DICER1,1.5887990371183028e-05
RAD51L1,1.5810325111892085e-05
EIF1AX_TRUNC,1.570494894215045e-05
MDM4,1.568027064921814e-05
MED12_Amp,1.557972411256065e-05
FLT3,1.5545654337146692e-05
TOP1,1.539265938916446e-05
ARID1B_TRUNC,1.5120934553335573e-05
NSD1_HomDel,1.5086224602591878e-05
KDM5A,1.4933370963773779e-05
CTAA,1.4693829512433926e-05
TBX3_Amp,1.460766858274294e-05
HRAS_Amp,1.4464962209511413e-05
MITF,1.4447782014386663e-05
TP53.R273P,1.4306997776165992e-05
SUZ12,1.427737573977367e-05
PIK3CA.N1044K,1.4145118704939324e-05
RET_fusion,1.4009314438166625e-05
NKX2-1_TRUNC,1.3840745157237114e-05
E2F3,1.3808722004589135e-05
DNMT3B_Amp,1.3766983264317823e-05
TTAT,1.3728056356932414e-05
ARID1B,1.3539649156016898e-05
RECQL4_HomDel,1.351829136076598e-05
EPHB1,1.3444536316737029e-05
SDHC_Amp,1.2985718341023617e-05
PPP2R1A,1.2922632473326156e-05
EGFR.S768I,1.2917459830644975e-05
BMPR1A,1.2896556500760025e-05
PLK2,1.286328925636813e-05
VHL,1.2818195276805952e-05
IRF4_TRUNC,1.2758169861310854e-05
TET1_TRUNC,1.274753863873184e-05
BTK,1.2665986262698206e-05
GTCG,1.2622462785700212e-05
RBM10_HomDel,1.2568348716856471e-05
PDCD1_HomDel,1.2554327923583086e-05
Amp_4q,1.242291706863567e-05
KRAS.Q61H,1.2324817686182618e-05
PLK2_HomDel,1.2197267491379883e-05
KEAP1_hotspot,1.2193243509560704e-05
FGFR2.S252W,1.2188975082250619e-05
AKT1,1.1954793627515223e-05
SDHA_Amp,1.1918013667303598e-05
PDGFRA,1.1835352260034868e-05
SPOP_hotspot,1.1619546335328406e-05
FAT1_HomDel,1.1599185220294641e-05
SOX2,1.1535989477487095e-05
H3F3C_Amp,1.151986511216086e-05
NRAS_Amp,1.149712943732792e-05
TP53.X187_splice,1.1392691586971244e-05
IL7R_Amp,1.1375808154121327e-05
ETV1_Amp,1.1365991344379027e-05
VTCN1,1.129827724101926e-05
RAD51,1.1240814241802144e-05
PIK3R1_HomDel,1.1060050050738753e-05
TSC2_TRUNC,1.1019286881071532e-05
CTNNB1.S33C,1.0968367850563658e-05
GRIN2A_TRUNC,1.0936922563659839e-05
E2F3_TRUNC,1.0876652100897102e-05
ATR_TRUNC,1.0871016695863677e-05
FAM123B,1.0789975365431765e-05
PIK3CB_Amp,1.0776490446282072e-05
ARID2_HomDel,1.0684001505084185e-05
BCOR_HomDel,1.0672048528799173e-05
PIK3C3_Amp,1.0671052038287033e-05
AURKB,1.0630260415678613e-05
ATRX_Amp,1.0590956576643573e-05
TP53.H193R,1.0560758671488683e-05
CTGA,1.0460253243320194e-05
PPP2R1A_TRUNC,1.0337320615805951e-05
TRAF7,1.0275259409799408e-05
FAM46C_Amp,1.0237104761455584e-05
GSK3B,1.0216824026675714e-05
ERBB2.S310F,1.0213586446578794e-05
TMEM127,1.021216660956432e-05
MEN1_Amp,1.0207317444638077e-05
STK11_hotspot,1.0196950423882276e-05
TP53.P152L,1.0128383422727677e-05
SF3B1.K741E,1.002966040091063e-05
TP53.V272E,9.994113874964137e-06
TP53.P278A,9.980989824278112e-06
ERCC4_TRUNC,9.936525521183008e-06
FANCA,9.69586491078739e-06
ALK_hotspot,9.68973437458525e-06
CSF1R,9.666105431254176e-06
FOXP1_TRUNC,9.65929547677587e-06
PTCH1_TRUNC,9.650970879457564e-06
GCGT,9.624831204214026e-06
BRAF.G469R,9.580499961386567e-06
ARID5B,9.476017228438172e-06
IL10_Amp,9.46004423767264e-06
DNMT1,9.41131885180759e-06
GNA11.Q209L,9.406556141543353e-06
ERCC2_TRUNC,9.35678541917207e-06
TP53.E271*,9.255735585905462e-06
CTCF_TRUNC,9.220786688674168e-06
CDK4.R24H,9.147204922488408e-06
RET_HomDel,9.135715786016443e-06
IRF4_HomDel,9.118414695321854e-06
NF1_Amp,9.109822409632412e-06
DICER1_TRUNC,9.067098910413558e-06
KEAP1.R415C,9.013413995705528e-06
TNFRSF14_HomDel,8.85514725064915e-06
CDC73,8.791256453253635e-06
EIF1AX,8.759446391127875e-06
ERBB3_HomDel,8.720567260157283e-06
TP53.R248W,8.50652333883964e-06
ERBB3.G284R,8.497055188174075e-06
KMT2D_Amp,8.488780285172166e-06
FGFR4_HomDel,8.314118454586672e-06
HNF1A_Amp,8.272145832863617e-06
CTCA,8.260348572139183e-06
KDM6A_HomDel,8.130957020912137e-06
CDH1.X722_splice,8.123489156642031e-06
SMAD2_Amp,8.090056912346657e-06
CHEK2,8.020250178833553e-06
TMPRSS2,7.996319041251049e-06
FOXP1,7.86851125919001e-06
CCND1_TRUNC,7.852923002704803e-06
MTOR_Amp,7.835566355120632e-06
MDM4_Amp,7.666261829945355e-06
RFWD2_Amp,7.5824922565230595e-06
IDH1.R132S,7.48447669513845e-06
TP53.W91*,7.449320127062305e-06
TNFAIP3,7.266239427179671e-06
SMARCA4_TRUNC,7.1737500723357325e-06
PTPRD_hotspot,7.1260467331809e-06
IGF1R_TRUNC,7.070895875064053e-06
EED,7.027941002713927e-06
AKT2,7.004711928457136e-06
ARID2,6.848635622940876e-06
YES1,6.70099360316197e-06
MAP2K4_TRUNC,6.677605875366945e-06
ALK.F1245V,6.675900921165039e-06
CDK8_TRUNC,6.647540371348148e-06
CREBBP_TRUNC,6.644586445911652e-06
KEAP1_TRUNC,6.642538225062535e-06
TP53.R249K,6.629489732135016e-06
ATGC,6.585626947376476e-06
MSH2,6.576357038328059e-06
EPHA5_HomDel,6.528824829266746e-06
TP53.L194F,6.43598272376026e-06
FLT3_TRUNC,6.426570030674888e-06
KMT2D_HomDel,6.383392134649561e-06
DIS3,6.358393091430282e-06
STK40_Amp,6.345696670518086e-06
CTNNB1.S33F,6.3353935163800935e-06
SYK_TRUNC,6.296509017275289e-06
RASA1_HomDel,6.285789727383643e-06
PDCD1_TRUNC,6.238285247762227e-06
EGFR.G719A,6.191221113312835e-06
CSF1R_HomDel,6.1859807440927215e-06
FAM123B_TRUNC,6.080567205651258e-06
TP53.Q167*,5.949005150724185e-06
PIK3CD_HomDel,5.943910555448253e-06
CDK4,5.903264788375042e-06
SMAD2.S464*,5.899575050738773e-06
CREBBP_Amp,5.846573588961923e-06
CCND1_hotspot,5.819363980502286e-06
NOTCH1_TRUNC,5.756026066462628e-06
EIF1AX_HomDel,5.695471205928166e-06
ESR1.Y537S,5.594520128362298e-06
CDKN1B,5.589564086430755e-06
MAP2K1_hotspot,5.5315821853344075e-06
VHL_hotspot,5.4462690517095226e-06
PIK3CA.R108H,5.424980117810838e-06
FGFR3_hotspot,5.413802390522636e-06
EP300_hotspot,5.206828709509636e-06
SDHA,5.196423541425381e-06
PIK3R2,5.161603570518602e-06
TP53.V272L,5.146843273176156e-06
FH,5.103724842132683e-06
RPS6KA4,4.960734610875867e-06
FBXW7.R367*,4.893915782741253e-06
ATAC,4.888751090861951e-06
PIK3CA.E110del,4.767902651274492e-06
RAD50_HomDel,4.75256312126673e-06
TP53.R280K,4.741792029790692e-06
CDK8,4.664937265659367e-06
PMS2_Amp,4.534328861172403e-06
SF3B1_Amp,4.481949151245604e-06
IKZF1,4.406913151982234e-06
PPP2R1A.P179R,4.366428304371704e-06
AKT1.E17K,4.2893909041093486e-06
SYK,4.288535215812762e-06
ABL1_TRUNC,4.247863311210599e-06
DOT1L,4.104088370007799e-06
CDK4_HomDel,4.0381396555333545e-06
HIST1H3B_Amp,4.010869180747979e-06
FGFR1_HomDel,3.951576746511381e-06
TP53.V272M,3.7118544172042863e-06
ERCC4,3.6825383409848105e-06
B2M_hotspot,3.6705973541120413e-06
EIF1AX_hotspot,3.658152866571967e-06
PTEN.X268_splice,3.5998801644382426e-06
IRS1,3.5381301824346974e-06
VHL_TRUNC,3.53625292955931e-06
FGF3,3.5224078824776655e-06
APC.Q1294*,3.5223713932408083e-06
RAD51L1_TRUNC,3.3282606882351068e-06
SMAD2_hotspot,3.318234365304509e-06
CDKN1B_Amp,3.2751307593396937e-06
PTEN.D24H,3.2366268805495518e-06
GTGA,3.2029866064428834e-06
EP300.D1399N,3.1844400478211032e-06
FGFR3_TRUNC,3.072489537270925e-06
JAK2_HomDel,2.9998294894477922e-06
TP53.H193L,2.758125351731847e-06
NPM1_HomDel,2.567060419668734e-06
CDKN1B_HomDel,2.48592351208919e-06
CTNNB1.D32Y,2.353475221649121e-06
MYCN,2.3211034904383246e-06
PAX5_HomDel,2.1687453107546775e-06
SMARCD1_HomDel,2.047861319836369e-06
SDHAF2_Amp,1.9190542316088e-06
CCND2_TRUNC,1.7418890938897255e-06
TP53.K139N,1.6489175403653241e-06
PTPRD.S431L,1.4727841011457796e-06
PTEN.C136R,1.4267670865744023e-06
ARID2_TRUNC,1.2506680694218676e-06
FOXL2,1.204668138525775e-06
CD274_HomDel,1.0991477030869616e-06
CTNNB1.S37F,1.040602317419644e-06
FGFR2_hotspot,9.335998665114694e-07
MTOR_HomDel,9.15660426200699e-07
CTNNB1.S37C,9.037993268117728e-07
TP53.K120N,6.840893426287224e-07
TP53.P151H,4.7203841445580606e-07
RAC1_Amp,3.850601807655618e-07
FGFR3,3.3890788796055116e-07
PTPRS,2.2196547824962374e-07
WT1_Amp,2.194288030035861e-07
FGF19,2.040949190112642e-07
TP53.H179del,0.0
TP53.G245A,0.0
TP53.H179P,0.0
TP53.H193D,0.0
TP53.H179N,0.0
TP53.G245D,0.0
RHOA.D59G,0.0
TP53.H179R,0.0
TP53.H179Y,0.0
RHOA.D59N,0.0
TP53.H179_D184del,0.0
TP53.H179Q,0.0
RHOA.E40Q,0.0
TP53.G266E,0.0
TP53.G245N,0.0
TP53.G266K,0.0
TP53.G262del,0.0
TP53.G266R,0.0
TP53.G266T,0.0
TP53.G266V,0.0
TP53.G279E,0.0
TP53.G334V,0.0
RHOA.E40K,0.0
TP53.G262V,0.0
TP53.G245_P250delinsA,0.0
TP53.G245V,0.0
RHOA.E40D,0.0
TP53.G334W,0.0
TP53.H168L,0.0
TP53.G245S,0.0
TP53.H168P,0.0
TP53.G245R,0.0
TP53.H168R,0.0
TP53.H178D,0.0
TP53.H178P,0.0
TP53.H179D,0.0
TP53.H179L,0.0
TP53.G279R,0.0
SETD2.X1572_splice,0.0
RHOA.G17A,0.0
TP53.E286*,0.0
TP53.E286A,0.0
RHOA.L69R,0.0
TP53.E286G,0.0
TP53.E286K,0.0
TP53.E286Q,0.0
TP53.E286V,0.0
RHOA.L69P,0.0
RHOA.L69M,0.0
TP53.E286_E287del,0.0
RHOA.L57V,0.0
RHOA.L22R,0.0
TP53.F109C,0.0
TP53.F109I,0.0
TP53.F109S,0.0
TP53.E285_K292del,0.0
TP53.E285V,0.0
RHOA.N41K,0.0
TP53.E285Q,0.0
RHOA.R5Q,0.0
TP53.E198*,0.0
TP53.E204_L206del,0.0
TP53.E258*,0.0
TP53.E258A,0.0
RHOA.R5L,0.0
RHOA.Q63K,0.0
TP53.F109V,0.0
TP53.E258G,0.0
TP53.E258Q,0.0
TP53.E258V,0.0
TP53.E271K,0.0
TP53.E271Q,0.0
TP53.E271V,0.0
TP53.E285*,0.0
TP53.E285K,0.0
TP53.E258K,0.0
TP53.F113C,0.0
TP53.F113L,0.0
TP53.F113P,0.0
RHOA.G62V,0.0
TP53.G154D,0.0
TP53.G154V,0.0
TP53.G154_T155del,0.0
TP53.G199_E204del,0.0
RHOA.G62R,0.0
TP53.G244A,0.0
TP53.G105V,0.0
TP53.G244C,0.0
TP53.G244F,0.0
TP53.G244R,0.0
RHOA.G62E,0.0
RHOA.G17V,0.0
TP53.G244S,0.0
TP53.G244V,0.0
RHOA.G17E,0.0
TP53.G244D,0.0
RHOA.E47K,0.0
TP53.G105S,0.0
TP53.G105D,0.0
TP53.F113S,0.0
TP53.F113V,0.0
RHOA.L22P,0.0
TP53.F134C,0.0
TP53.F134I,0.0
TP53.F134L,0.0
TP53.F134S,0.0
TP53.G105R,0.0
TP53.F134V,0.0
TP53.F270I,0.0
TP53.F270L,0.0
TP53.F270S,0.0
TP53.F338L,0.0
TP53.F341S,0.0
TP53.H193N,0.0
TP53.G105C,0.0
TP53.F270C,0.0
TP53.H193P,0.0
TP53.K132E,0.0
RHOA.A61V,0.0
TP53.P278S,0.0
TP53.P278T,0.0
TP53.Q104*,0.0
TP53.Q136*,0.0
TP53.Q136E,0.0
TP53.Q136H,0.0
TP53.Q136P,0.0
TP53.Q144*,0.0
TP53.Q144L,0.0
TP53.P278R,0.0
TP53.Q144P,0.0
TP53.Q165H,0.0
TP53.Q192*,0.0
TP53.Q192L,0.0
TP53.Q317*,0.0
TP53.Q331*,0.0
TP53.Q331H,0.0
TP53.R110C,0.0
TP53.R110H,0.0
TP53.R110L,0.0
TP53.Q165*,0.0
TP53.P278L,0.0
TP53.P278H,0.0
TP53.P278F,0.0
TP53.P151S,0.0
TP53.P151T,0.0
TP53.P152K,0.0
RBM10.X91_splice,0.0
RBM10.R153G,0.0
TP53.P152Q,0.0
TP53.P152R,0.0
RBM10.R153*,0.0
TP53.P152T,0.0
RB1.Y606*,0.0
TP53.P153_G154del,0.0
TP53.P153del,0.0
TP53.P177L,0.0
TP53.P177R,0.0
TP53.P177_C182del,0.0
TP53.P190L,0.0
TP53.P190R,0.0
TP53.P190S,0.0
TP53.P190T,0.0
TP53.P191del,0.0
TP53.P250L,0.0
RB1.X89_splice,0.0
TP53.R110P,0.0
TP53.R158C,0.0
TP53.R158F,0.0
TP53.R249G,0.0
TP53.R249M,0.0
TP53.R249S,0.0
TP53.R249T,0.0
TP53.R249W,0.0
TP53.R267G,0.0
TP53.R267L,0.0
TP53.R267P,0.0
TP53.R267Q,0.0
TP53.R267W,0.0
RB1.X702_splice,0.0
TP53.R273G,0.0
RB1.X654_splice,0.0
RB1.X605_splice,0.0
TP53.R273H,0.0
TP53.R273L,0.0
RB1.X500_splice,0.0
TP53.R273S,0.0
TP53.R280*,0.0
TP53.R280G,0.0
TP53.R280I,0.0
RB1.X776_splice,0.0
TP53.P151R,0.0
TP53.R248P,0.0
TP53.R248L,0.0
TP53.R158G,0.0
TP53.R158H,0.0
TP53.R158L,0.0
TP53.R158P,0.0
TP53.R158S,0.0
TP53.R174W,0.0
TP53.R175C,0.0
TP53.R175G,0.0
TP53.R175L,0.0
TP53.R181C,0.0
TP53.R181H,0.0
TP53.R181P,0.0
TP53.R196L,0.0
TP53.R196P,0.0
TP53.R196Q,0.0
TP53.R213*,0.0
TP53.R213G,0.0
TP53.R213L,0.0
TP53.R213P,0.0
TP53.R213Q,0.0
TP53.R248G,0.0
RB1.X830_splice,0.0
TP53.H193Q,0.0
TP53.P151F,0.0
TP53.P142dup,0.0
TP53.I255dup,0.0
TP53.K120*,0.0
TP53.K120E,0.0
TP53.K132*,0.0
TP53.K132M,0.0
TP53.K132N,0.0
TP53.K132Q,0.0
TP53.K132R,0.0
TP53.K132T,0.0
TP53.I255T,0.0
TP53.K139E,0.0
TP53.K164E,0.0
TP53.L111M,0.0
TP53.L111P,0.0
TP53.L111Q,0.0
TP53.L111R,0.0
TP53.L130F,0.0
TP53.L130H,0.0
TP53.L130P,0.0
TP53.L130R,0.0
TP53.K164*,0.0
TP53.I255S,0.0
TP53.I255N,0.0
TP53.I255F,0.0
TP53.H193Y,0.0
TP53.H214L,0.0
TP53.H214P,0.0
RHOA.A161V,0.0
TP53.I195F,0.0
TP53.I195K,0.0
TP53.I195N,0.0
TP53.I195S,0.0
TP53.I195T,0.0
TP53.I232F,0.0
TP53.I232N,0.0
TP53.I232S,0.0
TP53.I232T,0.0
TP53.I251F,0.0
TP53.I251M,0.0
TP53.I251N,0.0
TP53.I251S,0.0
TP53.I254F,0.0
TP53.I254M,0.0
TP53.I254N,0.0
TP53.I254S,0.0
TP53.L130V,0.0
TP53.L130_A138dup,0.0
TP53.L130del,0.0
TP53.L137Q,0.0
TP53.M246K,0.0
TP53.M246L,0.0
TP53.M246R,0.0
TP53.M246T,0.0
TP53.M246V,0.0
TP53.N131I,0.0
TP53.N131K,0.0
TP53.N131S,0.0
TP53.N131del,0.0
TP53.N235_Y236dup,0.0
TP53.N235del,0.0
TP53.N239D,0.0
TP53.N239H,0.0
TP53.N239K,0.0
TP53.N239S,0.0
TP53.N239T,0.0
TP53.N239_S240del,0.0
TP53.N239dup,0.0
TP53.N247I,0.0
TP53.N263_N268del,0.0
TP53.P128del,0.0
TP53.M246I,0.0
TP53.P151A,0.0
TP53.M243I,0.0
TP53.M237K,0.0
TP53.L194H,0.0
TP53.L194P,0.0
TP53.L194R,0.0
TP53.L252_I254del,0.0
TP53.L252del,0.0
TP53.L257P,0.0
TP53.L257Q,0.0
TP53.L257R,0.0
TP53.L257V,0.0
TP53.L264_N268del,0.0
RHOA.A161T,0.0
TP53.L265P,0.0
RET.M918T,0.0
TP53.L265R,0.0
TP53.L265del,0.0
TP53.L330P,0.0
TP53.L330R,0.0
TP53.M133I,0.0
TP53.M133K,0.0
TP53.M133R,0.0
TP53.M133T,0.0
TP53.M237V,0.0
TP53.E180_D184del,0.0
TP53.C242W,0.0
TP53.E180D,0.0
SMAD4.R445Q,0.0
SMAD4.R97H,0.0
SDHA.S445L,0.0
SMAD4.S357_G365del,0.0
SMAD4.W524C,0.0
SMAD4.W524L,0.0
SMAD4.W524R,0.0
SMAD4.W99C,0.0
SMAD4.Y133N,0.0
SMAD4.Y353C,0.0
SMAD4.Y353D,0.0
SMAD4.Y353N,0.0
SMAD4.Y95*,0.0
SMAD4.Y95C,0.0
SMAD4.Y95H,0.0
SMARCA4.E821K,0.0
SMARCA4.G1232C,0.0
SMARCA4.G1232D,0.0
SMARCA4.G1232S,0.0
SMAD4.R445*,0.0
SMAD4.R361_G365del,0.0
SDHA.V644M,0.0
SMAD4.R361S,0.0
SMAD4.H132Y,0.0
SMAD4.H92Y,0.0
SETD2.H1603Y,0.0
SMAD4.I383R,0.0
SMAD4.L536P,0.0
SMAD4.L536R,0.0
SMAD4.L536_E538delinsQ,0.0
SMAD4.L540del,0.0
SMAD4.P130L,0.0
SMARCA4.K546del,0.0
SMAD4.P356H,0.0
SMAD4.P356R,0.0
SMAD4.P356S,0.0
SMAD4.P91S,0.0
SMAD4.Q534*,0.0
SMAD4.Q534P,0.0
SMAD4.R361C,0.0
SMAD4.R361G,0.0
SMAD4.R361H,0.0
SMAD4.R361L,0.0
SMAD4.P356L,0.0
SMARCA4.M781I,0.0
SMARCA4.M781L,0.0
SMARCA4.M781V,0.0
SMARCD1.R183Q,0.0
SMO.L412F,0.0
SMO.V414G,0.0
SOX17.A96G,0.0
SDHAF2.S10*,0.0
SOX17.S403I,0.0
SOX9.H165R,0.0
SOX9.K166N,0.0
SOX9.K167del,0.0
SMARCD1.R183*,0.0
SPOP.D130H,0.0
SPOP.F102C,0.0
SPOP.F102I,0.0
SPOP.F102L,0.0
SPOP.F102S,0.0
SPOP.F102V,0.0
SPOP.F104I,0.0
SPOP.F125C,0.0
SPOP.F125I,0.0
SPOP.F125L,0.0
SPOP.D130N,0.0
SMAD4.G510R,0.0
SMARCB1.R377L,0.0
SMARCB1.R374W,0.0
SMARCA4.R1135Q,0.0
SMARCA4.R1135W,0.0
SMARCA4.R1157Q,0.0
SMARCA4.R1157W,0.0
SMARCA4.R1189*,0.0
SMARCA4.R1189G,0.0
SMARCA4.R1189L,0.0
SMARCA4.R1189Q,0.0
SMARCA4.R1192C,0.0
SMARCB1.R377C,0.0
SMARCA4.R1192H,0.0
SMARCA4.R1243L,0.0
SMARCA4.R1243W,0.0
SMARCA4.R973Q,0.0
SMARCA4.R973W,0.0
SMARCA4.T910A,0.0
SMARCA4.T910M,0.0
SMARCA4.T910R,0.0
SMARCB1.K364del,0.0
SMARCB1.R374Q,0.0
SDHAF2.S10L,0.0
SPOP.F125V,0.0
SMAD4.G510E,0.0
SETD2.H1629Y,0.0
SF3B1.V701F,0.0
SF3B1.Y623C,0.0
SF3B1.Y623H,0.0
SETD2.R1523H,0.0
SMAD2.C463*,0.0
SMAD2.P305L,0.0
SMAD2.P305T,0.0
SMAD2.R182*,0.0
SMAD2.R321*,0.0
SMAD2.R321Q,0.0
SMAD2.T303R,0.0
SMAD3.E239K,0.0
SMAD3.R243C,0.0
SMAD3.R268C,0.0
SMAD3.R268H,0.0
SMAD3.R287Q,0.0
SMAD3.R287W,0.0
SMAD3.V244I,0.0
SMAD4.A118V,0.0
SF3B1.R625L,0.0
SETD2.R1625C,0.0
SETD2.R1625H,0.0
SF3B1.R625G,0.0
SETD2.S1624C,0.0
SETD2.Y1666C,0.0
SF3B1.D894G,0.0
SF3B1.D894N,0.0
SETD2.R1625S,0.0
SF3B1.D894Y,0.0
SF3B1.E902G,0.0
SF3B1.E902K,0.0
SF3B1.E902Q,0.0
SMAD4.C363F,0.0
SF3B1.G740E,0.0
SF3B1.K666E,0.0
SF3B1.K666M,0.0
SF3B1.K666N,0.0
SF3B1.K666T,0.0
SF3B1.K700E,0.0
SETD2.R1625L,0.0
SF3B1.K741N,0.0
SF3B1.K741T,0.0
SF3B1.R625C,0.0
SF3B1.G742D,0.0
SMAD4.C363R,0.0
SMAD4.C363S,0.0
SMAD4.C363Y,0.0
SMAD4.E526A,0.0
SMAD4.E526D,0.0
SMAD4.E526K,0.0
SMAD4.E526Q,0.0
SMAD4.E526V,0.0
SMAD4.G352A,0.0
SMAD4.G352E,0.0
SMAD4.G352L,0.0
SMAD4.G352R,0.0
SMAD4.E330Q,0.0
SMAD4.G352V,0.0
SMAD4.G386A,0.0
SMAD4.G386D,0.0
SMAD4.G386R,0.0
SMAD4.G386S,0.0
SMAD4.G386V,0.0
SMAD4.G419R,0.0
SMAD4.G419V,0.0
SMAD4.G419W,0.0
SMAD4.G510*,0.0
SMAD4.G365D,0.0
SMAD4.G510A,0.0
SMAD4.E330K,0.0
SETD2.R1523C,0.0
SMAD4.C363del,0.0
SMAD4.D351G,0.0
SMAD4.D351H,0.0
SMAD4.D351N,0.0
SMAD4.D351V,0.0
SMAD4.D351Y,0.0
SMAD4.D355G,0.0
SMAD4.D355V,0.0
SMAD4.D493G,0.0
SMAD4.E330G,0.0
SMAD4.D493H,0.0
SMAD4.D537A,0.0
SMAD4.D537E,0.0
SMAD4.D537G,0.0
SMAD4.D537H,0.0
SMAD4.D537V,0.0
SMAD4.D537Y,0.0
SMAD4.D537_E538dup,0.0
SMAD4.E134K,0.0
SMAD4.E330*,0.0
SMAD4.D493N,0.0
TP53.E180K,0.0
SPOP.F133C,0.0
SPOP.F133L,0.0
TP53.C141_P142del,0.0
TP53.C176*,0.0
RIT1.F82L,0.0
TP53.C176F,0.0
TERTp,0.0
TP53.C176G,0.0
TP53.C176R,0.0
TP53.C176S,0.0
RIT1.F82C,0.0
TP53.C176W,0.0
TP53.C176dup,0.0
TP53.C229_H233del,0.0
TP53.C229_T230del,0.0
RIT1.A77T,0.0
TP53.C238F,0.0
TP53.C238G,0.0
TP53.C238R,0.0
TP53.C238S,0.0
RIT1.A77S,0.0
TP53.R280S,0.0
TP53.C141Y,0.0
TP53.C141W,0.0
TP53.C141R,0.0
TP53.A159P,0.0
TP53.A159V,0.0
TP53.A161D,0.0
TP53.A161S,0.0
TP53.A161T,0.0
TP53.A276D,0.0
TP53.A276G,0.0
TP53.A276P,0.0
TP53.A276_C277dup,0.0
TP53.C238W,0.0
TP53.A276_E285del,0.0
TP53.C135F,0.0
TP53.C135G,0.0
TP53.C135R,0.0
TP53.C135S,0.0
TP53.C135W,0.0
TP53.C135_L137delinsW,0.0
TP53.C141*,0.0
TP53.C141F,0.0
TP53.C141G,0.0
TP53.C135*,0.0
TP53.C238Y,0.0
TP53.C238_S240del,0.0
RICTOR.S1101L,0.0
TP53.D208E,0.0
TP53.D208N,0.0
TP53.D208V,0.0
RHOA.Y34C,0.0
TP53.D259H,0.0
TP53.D259N,0.0
TP53.D259V,0.0
TP53.D259Y,0.0
TP53.D281A,0.0
TP53.D148_T150del,0.0
RHOA.T37I,0.0
TP53.D281G,0.0
TP53.D281H,0.0
RHOA.R70S,0.0
TP53.D281N,0.0
TP53.D281P,0.0
TP53.D281V,0.0
TP53.D281Y,0.0
RHOA.R5W,0.0
TP53.D281_R282insP,0.0
TP53.D281E,0.0
TP53.A159D,0.0
TP53.C277Y,0.0
TP53.C277F,0.0
RHOA.Y66N,0.0
TP53.C242*,0.0
RHOA.Y42S,0.0
TP53.C242F,0.0
RHOA.Y42F,0.0
TP53.C242G,0.0
TP53.C242R,0.0
TP53.C242S,0.0
SETD2.W1640C,0.0
TP53.C277G,0.0
TP53.C242Y,0.0
RHOA.Y42C,0.0
TP53.C275F,0.0
TP53.C275G,0.0
TP53.C275R,0.0
TP53.C275S,0.0
TP53.C275W,0.0
TP53.C275Y,0.0
TP53.C275_R282delinsW,0.0
TP53.C277*,0.0
TP53.C275*,0.0
SPOP.F133I,0.0
RIT1.M90I,0.0
TP53.A138T,0.0
STK11.E165K,0.0
STK11.E165Q,0.0
STK11.E223*,0.0
RUNX1.R201*,0.0
STK11.E223K,0.0
STK11.E223V,0.0
STK11.G196R,0.0
STK11.G196V,0.0
STK11.G242R,0.0
STK11.G242V,0.0
STK11.G242W,0.0
STK11.G251C,0.0
STK11.G251V,0.0
STK11.H174D,0.0
STK11.H174L,0.0
STK11.H174R,0.0
STK11.K84*,0.0
STK11.N181S,0.0
STK11.N181T,0.0
STK11.E165*,0.0
STK11.D194Y,0.0
STK11.D194V,0.0
STK11.D194N,0.0
SPOP.F133S,0.0
SPOP.F133V,0.0
SPOP.K129E,0.0
SPOP.K134N,0.0
SPOP.M117V,0.0
SPOP.R121Q,0.0
SPOP.S119N,0.0
SPOP.S119R,0.0
SPOP.W131C,0.0
STK11.N181Y,0.0
SPOP.W131G,0.0
SPOP.W131S,0.0
RUNX1.R201Q,0.0
SPOP.Y87C,0.0
SPOP.Y87D,0.0
SPOP.Y87N,0.0
SPOP.Y87S,0.0
STAG2.R216*,0.0
STAG2.R216Q,0.0
STK11.D194G,0.0
SPOP.W131L,0.0
STK11.P179L,0.0
STK11.P179R,0.0
STK11.P221L,0.0
SYK.R45H,0.0
SYK.S44I,0.0
TBX3.W113*,0.0
TET1.P1752S,0.0
TET2.R550*,0.0
TGFBR1.R487Q,0.0
RNF43.R132*,0.0
TGFBR1.R487W,0.0
TGFBR1.S241L,0.0
RNF43.R145*,0.0
TGFBR1.T375K,0.0
TGFBR2.D471N,0.0
TGFBR2.E544K,0.0
TGFBR2.R520*,0.0
TGFBR2.R553C,0.0
TGFBR2.R553G,0.0
TGFBR2.R553H,0.0
TGFBR2.R553L,0.0
TNFRSF14.C111W,0.0
TP53.A138P,0.0
TGFBR1.T375R,0.0
TP53.A138V,0.0
SYK.R42H,0.0
SYK.A52T,0.0
RPTOR.R139H,0.0
RPS6KA4.S236L,0.0
STK11.P221S,0.0
RPS6KA4.R629H,0.0
STK11.Q220*,0.0
STK11.S216F,0.0
RPS6KA4.R629C,0.0
STK11.W239*,0.0
STK11.W239C,0.0
RNF43.R371*,0.0
STK11.W239S,0.0
STK11.W308C,0.0
STK11.W308L,0.0
STK11.X125_splice,0.0
STK11.X155_splice,0.0
STK11.X200_splice,0.0
STK11.X245_splice,0.0
STK11.X288_splice,0.0
STK11.X307_splice,0.0
STK11.X97_splice,0.0
STK11.W308*,0.0
TP53.R280T,0.0
TP63_HomDel,0.0
TP53.R282L,0.0
BRCA1_HomDel,0.0
BRCA2_HomDel,0.0
BRD4_HomDel,0.0
BRIP1_HomDel,0.0
BTK_HomDel,0.0
CARD11_HomDel,0.0
CASP8_HomDel,0.0
CBFB_HomDel,0.0
CBL_HomDel,0.0
CCND1_HomDel,0.0
CCND2_HomDel,0.0
CCND3_HomDel,0.0
CCNE1_HomDel,0.0
CD276_HomDel,0.0
CD79B_HomDel,0.0
CDC73_HomDel,0.0
CDH1_HomDel,0.0
CDK12_HomDel,0.0
CDK6_HomDel,0.0
BRAF_HomDel,0.0
BMPR1A_HomDel,0.0
BLM_HomDel,0.0
NTRK1_fusion,0.0
ARID1B_HomDel,0.0
ARID5B_HomDel,0.0
ASXL1_HomDel,0.0
ASXL2_HomDel,0.0
ATM_HomDel,0.0
ATR_HomDel,0.0
ATRX_HomDel,0.0
AURKA_HomDel,0.0
AURKB_HomDel,0.0
MET_SV,0.0
AXIN1_HomDel,0.0
AXL_HomDel,0.0
B2M_HomDel,0.0
NTRK2_fusion,0.0
BARD1_HomDel,0.0
BBC3_HomDel,0.0
BCL2_HomDel,0.0
BCL2L1_HomDel,0.0
BCL2L11_HomDel,0.0
BCL6_HomDel,0.0
AXIN2_HomDel,0.0
CDKN1A_HomDel,0.0
FGFR2_fusion,0.0
CDKN2C_HomDel,0.0
EPCAM_HomDel,0.0
EPHA3_HomDel,0.0
EPHB1_HomDel,0.0
ERBB2_HomDel,0.0
ERBB4_HomDel,0.0
ERCC2_HomDel,0.0
ERCC3_HomDel,0.0
ERCC4_HomDel,0.0
ERCC5_HomDel,0.0
EP300_HomDel,0.0
ERG_HomDel,0.0
ETV1_HomDel,0.0
ETV6_HomDel,0.0
EZH2_HomDel,0.0
FAM123B_HomDel,0.0
FAM175A_HomDel,0.0
FAM46C_HomDel,0.0
FANCA_HomDel,0.0
FANCC_HomDel,0.0
BRAF_fusion,0.0
ESR1_HomDel,0.0
NTRK3_fusion,0.0
EGFR_HomDel,0.0
EED_HomDel,0.0
CHEK1_HomDel,0.0
CHEK2_HomDel,0.0
CIC_HomDel,0.0
CREBBP_HomDel,0.0
CRKL_HomDel,0.0
ETV6_fusion,0.0
CTCF_HomDel,0.0
CTLA4_HomDel,0.0
CTNNB1_HomDel,0.0
EGFL7_HomDel,0.0
CUL3_HomDel,0.0
DCUN1D1_HomDel,0.0
DDR2_HomDel,0.0
DICER1_HomDel,0.0
DIS3_HomDel,0.0
DNMT1_HomDel,0.0
DNMT3A_HomDel,0.0
DNMT3B_HomDel,0.0
DOT1L_HomDel,0.0
E2F3_HomDel,0.0
DAXX_HomDel,0.0
PAX8_fusion,0.0
AR_HomDel,0.0
APC_HomDel,0.0
PTPRT_Amp,0.0
RAD50_Amp,0.0
RAD51_Amp,0.0
GTAA,0.0
RAD51L1_Amp,0.0
RAD51L3_Amp,0.0
RAD54L_Amp,0.0
RAF1_Amp,0.0
RARA_Amp,0.0
PTPRD_Amp,0.0
RASA1_Amp,0.0
REL_Amp,0.0
RET_Amp,0.0
CTGC,0.0
RICTOR_Amp,0.0
ROS1_Amp,0.0
RPS6KA4_Amp,0.0
RPS6KB2_Amp,0.0
RPTOR_Amp,0.0
RUNX1_Amp,0.0
RB1_Amp,0.0
RYBP_Amp,0.0
PTPN11_Amp,0.0
PTCH1_Amp,0.0
PALB2_Amp,0.0
TTGA,0.0
PARP1_Amp,0.0
PAX5_Amp,0.0
PBRM1_Amp,0.0
PDCD1_Amp,0.0
PDGFRB_Amp,0.0
PHOX2B_Amp,0.0
PIK3CD_Amp,0.0
PTEN_Amp,0.0
PIK3CG_Amp,0.0
PIK3R2_Amp,0.0
PIK3R3_Amp,0.0
PIM1_Amp,0.0
PLK2_Amp,0.0
PMAIP1_Amp,0.0
PMS1_Amp,0.0
PNRC1_Amp,0.0
POLE_Amp,0.0
PPP2R1A_Amp,0.0
PIK3R1_Amp,0.0
FGF19_HomDel,0.0
SDHB_Amp,0.0
SETD2_Amp,0.0
Sig_POLE,0.0
TOP1_Amp,0.0
TP53_Amp,0.0
TP63_Amp,0.0
Sig_BRCA,0.0
TSC1_Amp,0.0
TSC2_Amp,0.0
TSHR_Amp,0.0
Sig_Age,0.0
TNFRSF14_Amp,0.0
VHL_Amp,0.0
XPO1_Amp,0.0
YAP1_Amp,0.0
YES1_Amp,0.0
ABL1_HomDel,0.0
AKT1_HomDel,0.0
AKT2_HomDel,0.0
AKT3_HomDel,0.0
ALK_HomDel,0.0
ALOX12B_HomDel,0.0
VTCN1_Amp,0.0
SDHD_Amp,0.0
Sig_TMZ,0.0
TMEM127_Amp,0.0
SH2D1A_Amp,0.0
SHQ1_Amp,0.0
SMAD3_Amp,0.0
SMAD4_Amp,0.0
SMARCA4_Amp,0.0
SMARCB1_Amp,0.0
SMARCD1_Amp,0.0
SMO_Amp,0.0
SOCS1_Amp,0.0
TMPRSS2_Amp,0.0
SOX2_Amp,0.0
SPEN_Amp,0.0
SPOP_Amp,0.0
STAG2_Amp,0.0
RB1.X474_splice,0.0
SUFU_Amp,0.0
TET1_Amp,0.0
TET2_Amp,0.0
TGFBR1_Amp,0.0
TGFBR2_Amp,0.0
SOX9_Amp,0.0
PAK7_Amp,0.0
FGF3_HomDel,0.0
FGFR2_HomDel,0.0
PTPN11_HomDel,0.0
PTPRD_HomDel,0.0
PTPRS_HomDel,0.0
PTPRT_HomDel,0.0
RAC1_HomDel,0.0
RAD51_HomDel,0.0
RAD51C_HomDel,0.0
RAD51L1_HomDel,0.0
XIAP_HomDel,0.0
RAD51L3_HomDel,0.0
RAD52_HomDel,0.0
RAD54L_HomDel,0.0
RAF1_HomDel,0.0
RARA_HomDel,0.0
WT1_HomDel,0.0
REL_HomDel,0.0
RFWD2_HomDel,0.0
RHOA_HomDel,0.0
RICTOR_HomDel,0.0
XPO1_HomDel,0.0
PTCH1_HomDel,0.0
PRKAR1A_HomDel,0.0
YES1_HomDel,0.0
PARK2_HomDel,0.0
PARP1_HomDel,0.0
PBRM1_HomDel,0.0
PDGFRA_HomDel,0.0
PDGFRB_HomDel,0.0
PHOX2B_HomDel,0.0
PIK3C2G_HomDel,0.0
PIK3C3_HomDel,0.0
PIK3CA_HomDel,0.0
RIT1_HomDel,0.0
PIK3CB_HomDel,0.0
PIK3R2_HomDel,0.0
PIK3R3_HomDel,0.0
PIM1_HomDel,0.0
PMAIP1_HomDel,0.0
PMS1_HomDel,0.0
PMS2_HomDel,0.0
PNRC1_HomDel,0.0
POLE_HomDel,0.0
PPP2R1A_HomDel,0.0
PIK3CG_HomDel,0.0
RNF43_HomDel,0.0
VTCN1_HomDel,0.0
RPS6KA4_HomDel,0.0
SPOP_HomDel,0.0
SRC_HomDel,0.0
STAG2_HomDel,0.0
STK11_HomDel,0.0
STK40_HomDel,0.0
SUFU_HomDel,0.0
SUZ12_HomDel,0.0
SYK_HomDel,0.0
TBX3_HomDel,0.0
TSHR_HomDel,0.0
TSC2_HomDel,0.0
TET1_HomDel,0.0
TET2_HomDel,0.0
TGFBR1_HomDel,0.0
TGFBR2_HomDel,0.0
TMEM127_HomDel,0.0
TMPRSS2_HomDel,0.0
TNFAIP3_HomDel,0.0
TOP1_HomDel,0.0
TP53_HomDel,0.0
TSC1_HomDel,0.0
PALB2_HomDel,0.0
SOX9_HomDel,0.0
SOX17_HomDel,0.0
RPS6KB2_HomDel,0.0
RPTOR_HomDel,0.0
RUNX1_HomDel,0.0
RYBP_HomDel,0.0
SDHA_HomDel,0.0
SDHAF2_HomDel,0.0
VHL_HomDel,0.0
SDHC_HomDel,0.0
SDHD_HomDel,0.0
SOX2_HomDel,0.0
SETD2_HomDel,0.0
SH2D1A_HomDel,0.0
SHQ1_HomDel,0.0
SMAD2_HomDel,0.0
U2AF1_HomDel,0.0
SMAD4_HomDel,0.0
SMARCA4_HomDel,0.0
SMARCB1_HomDel,0.0
SMO_HomDel,0.0
SOCS1_HomDel,0.0
SF3B1_HomDel,0.0
PAK7_HomDel,0.0
PAK1_HomDel,0.0
NTRK3_HomDel,0.0
ICOSLG_HomDel,0.0
IDH1_HomDel,0.0
IDH2_HomDel,0.0
IFNGR1_HomDel,0.0
IGF1_HomDel,0.0
IGF1R_HomDel,0.0
IGF2_HomDel,0.0
IKBKE_HomDel,0.0
IKZF1_HomDel,0.0
HRAS_HomDel,0.0
IL10_HomDel,0.0
INPP4A_HomDel,0.0
INPP4B_HomDel,0.0
INSR_HomDel,0.0
IRS1_HomDel,0.0
IRS2_HomDel,0.0
JAK1_HomDel,0.0
JAK3_HomDel,0.0
JUN_HomDel,0.0
KDM5A_HomDel,0.0
IL7R_HomDel,0.0
KDM5C_HomDel,0.0
HNF1A_HomDel,0.0
HIST1H2BD_HomDel,0.0
FGFR3_HomDel,0.0
FH_HomDel,0.0
FLCN_HomDel,0.0
FLT1_HomDel,0.0
FLT3_HomDel,0.0
FLT4_HomDel,0.0
FOXA1_HomDel,0.0
FOXL2_HomDel,0.0
FOXP1_HomDel,0.0
HIST1H3B_HomDel,0.0
FUBP1_HomDel,0.0
GATA3_HomDel,0.0
GNA11_HomDel,0.0
GNAQ_HomDel,0.0
GNAS_HomDel,0.0
GREM1_HomDel,0.0
GRIN2A_HomDel,0.0
GSK3B_HomDel,0.0
H3F3C_HomDel,0.0
HIST1H1C_HomDel,0.0
GATA2_HomDel,0.0
FGF4_HomDel,0.0
KDR_HomDel,0.0
KIT_HomDel,0.0
MSH6_HomDel,0.0
MUTYH_HomDel,0.0
MYC_HomDel,0.0
MYCL1_HomDel,0.0
MYCN_HomDel,0.0
MYD88_HomDel,0.0
MYOD1_HomDel,0.0
NBN_HomDel,0.0
NCOR1_HomDel,0.0
MSH2_HomDel,0.0
NF1_HomDel,0.0
NFE2L2_HomDel,0.0
NKX2-1_HomDel,0.0
NOTCH1_HomDel,0.0
NOTCH2_HomDel,0.0
NOTCH3_HomDel,0.0
NOTCH4_HomDel,0.0
NRAS_HomDel,0.0
NTRK1_HomDel,0.0
NTRK2_HomDel,0.0
NF2_HomDel,0.0
KEAP1_HomDel,0.0
MRE11A_HomDel,0.0
MLH1_HomDel,0.0
KLF4_HomDel,0.0
KMT2A_HomDel,0.0
KRAS_HomDel,0.0
LATS1_HomDel,0.0
LATS2_HomDel,0.0
LMO1_HomDel,0.0
MAP2K1_HomDel,0.0
MAP2K2_HomDel,0.0
MAP2K4_HomDel,0.0
MPL_HomDel,0.0
MAP3K13_HomDel,0.0
MAX_HomDel,0.0
MDC1_HomDel,0.0
MDM2_HomDel,0.0
MDM4_HomDel,0.0
MED12_HomDel,0.0
MEF2B_HomDel,0.0
MEN1_HomDel,0.0
MET_HomDel,0.0
MITF_HomDel,0.0
MAPK1_HomDel,0.0
TP53.R282G,0.0
NTRK3_Amp,0.0
NSD1_Amp,0.0
TP53.Y205H,0.0
TP53.Y205N,0.0
TP53.Y205S,0.0
TP53.Y220*,0.0
TP53.Y220D,0.0
TP53.Y220H,0.0
TP53.Y220N,0.0
TP53.Y220S,0.0
TP53.Y234*,0.0
TP53.Y234C,0.0
TP53.Y234D,0.0
TP53.Y234H,0.0
TP53.Y234N,0.0
TP53.Y234S,0.0
TP53.Y234_M237del,0.0
TP53.Y234del,0.0
TP53.Y236*,0.0
TP53.Y236C,0.0
TP53.Y236D,0.0
TP53.Y205F,0.0
TP53.Y205D,0.0
TP53.Y205C,0.0
TP53.Y205*,0.0
TP53.X125_splice,0.0
TP53.X224_splice,0.0
RAD51L3,0.0
RAD51L1,0.0
TP53.X32_splice,0.0
TP53.X331_splice,0.0
TP53.X33_splice,0.0
TP53.Y107*,0.0
TP53.Y107D,0.0
TP53.Y236H,0.0
TP53.Y126*,0.0
TP53.Y126D,0.0
TP53.Y126H,0.0
TP53.Y126N,0.0
TP53.Y126S,0.0
TP53.Y163*,0.0
TP53.Y163C,0.0
TP53.Y163D,0.0
TP53.Y163H,0.0
TP53.Y163N,0.0
TP53.Y126C,0.0
TP53.Y236N,0.0
TP53.Y236S,0.0
TP53.Y236_M237delinsL,0.0
VHL.H115Y,0.0
VHL.I151N,0.0
VHL.I151S,0.0
VHL.I151T,0.0
VHL.I75_C77del,0.0
VHL.L101P,0.0
VHL.L128H,0.0
VHL.L135*,0.0
VHL.L158P,0.0
VHL.H115N,0.0
VHL.L158Q,0.0
VHL.L169P,0.0
VHL.L89H,0.0
VHL.L89P,0.0
VHL.N78K,0.0
VHL.N78S,0.0
VHL.N78Y,0.0
VHL.P86L,0.0
VHL.P86R,0.0
VHL.P86S,0.0
VHL.L158V,0.0
TP53.W53*,0.0
VHL.G114R,0.0
VHL.D121Y,0.0
TP63.E609K,0.0
TP63.R379C,0.0
TP63.R379H,0.0
TP63.R379S,0.0
TP63.S365*,0.0
TP63.S365L,0.0
TP63.X194_splice,0.0
TRAF7.N520S,0.0
TRAF7.R189L,0.0
VHL.F76del,0.0
TRAF7.R189P,0.0
TSC1.X797_splice,0.0
U2AF1.G222_G223del,0.0
U2AF1.I24T,0.0
U2AF1.S34F,0.0
U2AF1.S34Y,0.0
VHL.C162*,0.0
VHL.C162R,0.0
VHL.C162W,0.0
VHL.D121G,0.0
TRAF7.R189W,0.0
TP53.W146G,0.0
TP53.W146C,0.0
TP53.W146*,0.0
TP53.S215R,0.0
TP53.S215T,0.0
TP53.S240G,0.0
TP53.S240R,0.0
TP53.S240_C242del,0.0
TP53.S240_S241del,0.0
TP53.S241A,0.0
TP53.S241C,0.0
TP53.S241F,0.0
TP53.S215N,0.0
TP53.S241P,0.0
TP53.S241dup,0.0
TP53.S269_E271del,0.0
TP53.T125A,0.0
TP53.T125K,0.0
TP53.T125M,0.0
TP53.T125P,0.0
TP53.T125R,0.0
TP53.T150_R158del,0.0
TP53.T155I,0.0
TP53.S241Y,0.0
TP53.T155N,0.0
TP53.S215I,0.0
TP53.S215C,0.0
TP53.R282P,0.0
TP53.R282Q,0.0
TP53.R282W,0.0
TP53.R283H,0.0
TP53.R283P,0.0
TP53.R306*,0.0
TP53.R306Q,0.0
TP53.R333P,0.0
TP53.R337C,0.0
TP53.S215G,0.0
TP53.R337G,0.0
TP53.R337L,0.0
TP53.R337P,0.0
TP53.R342*,0.0
RFWD2,0.0
TP53.S127F,0.0
TP53.S127P,0.0
TP53.S127T,0.0
TP53.S127Y,0.0
TP53.S183_G187delinsC,0.0
TP53.R337H,0.0
VHL.R120G,0.0
TP53.T155P,0.0
TP53.T231_I232insTDCTT,0.0
TP53.V197L,0.0
TP53.V197M,0.0
TP53.V216E,0.0
TP53.V216G,0.0
TP53.V216L,0.0
TP53.V216M,0.0
TP53.V218E,0.0
TP53.V218G,0.0
TP53.V218L,0.0
TP53.V197G,0.0
TP53.V218M,0.0
TP53.V272G,0.0
TP53.V272K,0.0
TP53.V272_R273insL,0.0
TP53.V274A,0.0
TP53.V274D,0.0
TP53.V274F,0.0
TP53.V274G,0.0
TP53.V274L,0.0
TP53.V274_C275dup,0.0
TRAF7_HomDel,0.0
TP53.T155_R158del,0.0
TP53.V197E,0.0
TP53.V173L,0.0
TP53.T253_L257del,0.0
TP53.T253dup,0.0
TP53.T256del,0.0
TP53.T284P,0.0
TP53.V143A,0.0
TP53.V143E,0.0
TP53.V143G,0.0
TP53.V143M,0.0
TP53.V143_P153del,0.0
TP53.V173M,0.0
TP53.V157A,0.0
TP53.V157F,0.0
TP53.V157G,0.0
TP53.V157L,0.0
TP53.V157_R158del,0.0
TP53.V172D,0.0
TP53.V172F,0.0
TP53.V173A,0.0
TP53.V173E,0.0
TP53.V173G,0.0
TP53.V157D,0.0
NTRK1_Amp,0.0
VHL.R161*,0.0
VHL.R161Q,0.0
FOXP1_Amp,0.0
FUBP1_Amp,0.0
GATA2_Amp,0.0
GNA11_Amp,0.0
HIST1H3B,0.0
GREM1_Amp,0.0
GRIN2A_Amp,0.0
GSK3B_Amp,0.0
HGF_Amp,0.0
HIST1H1C_Amp,0.0
HIST1H2BD_Amp,0.0
HIST1H2BD,0.0
HIST1H1C,0.0
IDH1_Amp,0.0
IDH2_Amp,0.0
H3F3C,0.0
IGF1_Amp,0.0
IGF1R_Amp,0.0
IGF2_Amp,0.0
FOXL2_Amp,0.0
FOXA1_Amp,0.0
FLT4_Amp,0.0
FLT3_Amp,0.0
EPHA5_Amp,0.0
EPHB1_Amp,0.0
ERBB4_Amp,0.0
MRE11A,0.0
ERCC3_Amp,0.0
ERCC4_Amp,0.0
ERG_Amp,0.0
ETV6_Amp,0.0
EZH2_Amp,0.0
IKZF1_Amp,0.0
FAM123B_Amp,0.0
FANCA_Amp,0.0
FANCC_Amp,0.0
FAT1_Amp,0.0
FBXW7_Amp,0.0
FGFR3_Amp,0.0
FGFR4_Amp,0.0
FH_Amp,0.0
FLCN_Amp,0.0
FLT1_Amp,0.0
FAM175A_Amp,0.0
INPP4A_Amp,0.0
INPP4B_Amp,0.0
INSR_Amp,0.0
MDC1_Amp,0.0
MEF2B_Amp,0.0
MITF_Amp,0.0
MLH1_Amp,0.0
MPL_Amp,0.0
MRE11A_Amp,0.0
MSH2_Amp,0.0
MSH6_Amp,0.0
MUTYH_Amp,0.0
MAX_Amp,0.0
MYD88_Amp,0.0
NCOR1_Amp,0.0
NF2_Amp,0.0
NFE2L2_Amp,0.0
NKX3-1_Amp,0.0
NOTCH1_Amp,0.0
ALOX12B,0.0
NOTCH3_Amp,0.0
NOTCH4_Amp,0.0
NPM1_Amp,0.0
MYOD1_Amp,0.0
EPHA3_Amp,0.0
FAM123B,0.0
MAP3K1_Amp,0.0
IRF4_Amp,0.0
IRS1_Amp,0.0
JAK1_Amp,0.0
JAK2_Amp,0.0
JAK3_Amp,0.0
JUN_Amp,0.0
KDM5A_Amp,0.0
KDM5C_Amp,0.0
KDM6A_Amp,0.0
MAP3K13_Amp,0.0
KEAP1_Amp,0.0
KMT2A_Amp,0.0
KMT2C_Amp,0.0
FAM46C,0.0
LATS1_Amp,0.0
LATS2_Amp,0.0
LMO1_Amp,0.0
MAP2K1_Amp,0.0
FAM175A,0.0
MAP2K4_Amp,0.0
KLF4_Amp,0.0
EPCAM_Amp,0.0
EP300_Amp,0.0
EIF1AX_Amp,0.0
XPO1.E571K,0.0
XPO1.R749*,0.0
XPO1.R749Q,0.0
ABL1_Amp,0.0
AKT1_Amp,0.0
AKT3_Amp,0.0
ALK_Amp,0.0
ALOX12B_Amp,0.0
APC_Amp,0.0
VHL.Y112C,0.0
ARID1A_Amp,0.0
ARID2_Amp,0.0
ARID5B_Amp,0.0
ASXL1_Amp,0.0
ASXL2_Amp,0.0
ATM_Amp,0.0
ATR_Amp,0.0
AURKB_Amp,0.0
AXIN1_Amp,0.0
AXIN2_Amp,0.0
ARID1B_Amp,0.0
B2M_Amp,0.0
VHL.Y112*,0.0
VHL.X114_splice,0.0
VHL.R79G,0.0
VHL.R79_S80del,0.0
VHL.R82P,0.0
VHL.S111N,0.0
VHL.S111P,0.0
VHL.S65*,0.0
VHL.S65L,0.0
VHL.S65P,0.0
VHL.S65T,0.0
VHL.X155_splice,0.0
VHL.S65W,0.0
VHL.S68P,0.0
VHL.S80N,0.0
VHL.S80R,0.0
VHL.V74D,0.0
VHL.W117*,0.0
VHL.W117C,0.0
VHL.W117L,0.0
VHL.W88*,0.0
VHL.W88R,0.0
VHL.S68*,0.0
VHL.R161L,0.0
BAP1_Amp,0.0
BBC3_Amp,0.0
CDKN2C_Amp,0.0
CHEK1_Amp,0.0
CHEK2_Amp,0.0
CIC_Amp,0.0
PAK7,0.0
CRLF2_Amp,0.0
CSF1R_Amp,0.0
CTCF_Amp,0.0
CTLA4_Amp,0.0
CDKN2B_Amp,0.0
CTNNB1_Amp,0.0
DAXX_Amp,0.0
DCUN1D1_Amp,0.0
DICER1_Amp,0.0
DNMT1_Amp,0.0
DNMT3A_Amp,0.0
DOT1L_Amp,0.0
E2F3_Amp,0.0
EGFL7_Amp,0.0
MYCL1,0.0
CUL3_Amp,0.0
BARD1_Amp,0.0
CDKN2A_Amp,0.0
CDK8_Amp,0.0
BCL2_Amp,0.0
BCL2L11_Amp,0.0
BCL6_Amp,0.0
BCOR_Amp,0.0
BLM_Amp,0.0
BMPR1A_Amp,0.0
BRAF_Amp,0.0
BRCA1_Amp,0.0
BRCA2_Amp,0.0
CDKN1A_Amp,0.0
BRD4_Amp,0.0
BTK_Amp,0.0
CBFB_Amp,0.0
CBL_Amp,0.0
CD274_Amp,0.0
CD276_Amp,0.0
CD79B_Amp,0.0
CDC73_Amp,0.0
CDH1_Amp,0.0
PARK2,0.0
BRIP1_Amp,0.0
RB1.X46_splice,0.0
Cardiovascular System,0.0
RB1.X445_splice,0.0
CDKN2A.D84N,0.0
CDKN2A.D84V,0.0
CDKN2A.D84Y,0.0
CDKN2A.E27del,0.0
CDKN2A.E88*,0.0
CDKN2A.E88K,0.0
CDKN2A.G35_A36del,0.0
CDKN2A.H83D,0.0
CDKN2A.H83N,0.0
CDKN2A.H83Q,0.0
CDKN2A.H83R,0.0
CDKN2A.H83Y,0.0
CDKN2A.L130Q,0.0
CDKN2A.L130R,0.0
CDKN2A.D84G,0.0
CDKN2A.L32_L37del,0.0
CDKN2A.N42I,0.0
CDKN2A.N42K,0.0
CDKN2A.N42Y,0.0
CDKN2A.P114F,0.0
CDKN2A.P114H,0.0
CDKN2A.P114L,0.0
CDKN2A.P48L,0.0
CDKN2A.P48R,0.0
CDKN2A.Q50*,0.0
CDKN2A.Q50H,0.0
CDKN2A.R29_A34del,0.0
CDKN2A.R58*,0.0
CDKN2A.R80*,0.0
CDKN2A.S12*,0.0
CDKN2A.N42H,0.0
CDKN2A.S12L,0.0
CDKN2A.D84A,0.0
CDKN2A.D74V,0.0
CDH1.R224H,0.0
CDH1.R335*,0.0
CDH1.R335Q,0.0
CDH1.R63*,0.0
CDH1.X177_splice,0.0
CDH1.X278_splice,0.0
CDH1.X440_splice,0.0
CDH1.Y190C,0.0
CDK12.R890H,0.0
CDK4.K22M,0.0
CDK4.K22Q,0.0
CDK4.R24C,0.0
CDK4.R24L,0.0
CDK4.R24S,0.0
CDKN2A.D74Y,0.0
CDK6.R220C,0.0
CDK8.A63T,0.0
CDK8.S60C,0.0
CDK8.S62L,0.0
CDKN1B.G72A,0.0
CDKN1B.G72D,0.0
CDKN1B.X159_splice,0.0
CDKN2A.A36_N39delinsD,0.0
CDKN2A.D108G,0.0
CDKN2A.D108H,0.0
CDKN2A.D108N,0.0
CDKN2A.D108V,0.0
CDKN2A.D108Y,0.0
CDKN2A.D74G,0.0
CDKN2A.D74N,0.0
CDK6.V234M,0.0
CDH1.D291N,0.0
CDKN2A.V28_E33del,0.0
CDKN2A.X153_splice,0.0
CREBBP.R1446H,0.0
CREBBP.R1446L,0.0
CREBBP.R1446P,0.0
CREBBP.R1446S,0.0
CREBBP.R1786C,0.0
CREBBP.R413Q,0.0
CREBBP.S1680del,0.0
CREBBP.S1778L,0.0
CREBBP.T396M,0.0
CREBBP.V1802M,0.0
CREBBP.W1472C,0.0
CREBBP.W1502C,0.0
CREBBP.W1502L,0.0
CREBBP.Y1450C,0.0
CREBBP.R1446G,0.0
CREBBP.Y1450N,0.0
CREBBP.Y1482D,0.0
CREBBP.Y1482H,0.0
CREBBP.Y1482N,0.0
CREBBP.Y1503C,0.0
CRLF2.S128L,0.0
CTCF.H284Y,0.0
CTCF.H288R,0.0
CTCF.H288Y,0.0
CTCF.R377C,0.0
CTCF.R377H,0.0
CTCF.R448*,0.0
CTCF.S354F,0.0
CTCF.Y226C,0.0
CTLA4.S107Y,0.0
CREBBP.Y1482C,0.0
CDKN2A.W110*,0.0
CREBBP.R1446C,0.0
CREBBP.L1499P,0.0
CDKN2A.X51_splice,0.0
CDKN2A.Y129*,0.0
CDKN2A.Y129C,0.0
CDKN2C.E99K,0.0
CDKN2C.Q43H,0.0
CHEK2.R346C,0.0
CHEK2.R346G,0.0
CHEK2.R346H,0.0
CHEK2.R346S,0.0
CIC.N205S,0.0
CIC.P203A,0.0
CIC.R1512C,0.0
CIC.R1512H,0.0
CIC.R1512L,0.0
CREBBP.L1499Q,0.0
CIC.R1515C,0.0
CIC.R201W,0.0
CIC.R202Q,0.0
CIC.R202W,0.0
CIC.R215Q,0.0
CIC.R215W,0.0
CIC.S231N,0.0
CIC.W238R,0.0
CIC.X151_splice,0.0
CREBBP.A1782T,0.0
CREBBP.D1435G,0.0
CREBBP.D1435H,0.0
CREBBP.D1435N,0.0
CREBBP.D1435Y,0.0
CREBBP.I1431S,0.0
CIC.R1515H,0.0
CDH1.D288N,0.0
CDH1.D257G,0.0
CDH1.D254Y,0.0
ATRX.X199_splice,0.0
AXIN1.A804T,0.0
AXL.A273P,0.0
AXL.A273V,0.0
B2M.L12P,0.0
B2M.L7*,0.0
B2M.X23_splice,0.0
BAP1.E31del,0.0
BAP1.K25_D34delinsN,0.0
BAP1.K25_Q28del,0.0
BCL2L11.G156*,0.0
BCL2L11.G156R,0.0
BCL2.K22*,0.0
BCL6.R594G,0.0
ATRX.R907*,0.0
BCL6.R594Q,0.0
BCL6.R618H,0.0
BCOR.N1459S,0.0
BRAF.D594E,0.0
BRAF.D594G,0.0
BRAF.D594H,0.0
BRAF.D594N,0.0
BRAF.D594V,0.0
BRAF.D594Y,0.0
BRAF.F595L,0.0
BRAF.G464V,0.0
BRAF.G466A,0.0
BRAF.G466E,0.0
BRAF.G466V,0.0
BRAF.G469A,0.0
BCL6.R618C,0.0
BRAF.G469E,0.0
ATRX.R1426*,0.0
ATM.R337C,0.0
ARID1A.R1989Q,0.0
ARID1A.R2158*,0.0
ARID1A.R2158Q,0.0
ARID1A.R693*,0.0
ARID1A.X911_splice,0.0
ARID1B.Q1179*,0.0
ARID1B.Q1179P,0.0
ARID1B.T1652M,0.0
ARID2.R314C,0.0
ARID2.S297F,0.0
AR.H875Y,0.0
AR.L702H,0.0
AR.T878A,0.0
AR.T878S,0.0
ATM.R337H,0.0
AR.W742C,0.0
ASXL2.E330K,0.0
ASXL2.R357*,0.0
ATM.I2888L,0.0
ATM.I2888T,0.0
ATM.L2890P,0.0
ATM.L2890V,0.0
ATM.N2875S,0.0
ATM.R1466P,0.0
ATM.R1466Q,0.0
ATM.R250*,0.0
ATM.R2832C,0.0
ATM.R3008C,0.0
ATM.R3008H,0.0
ATM.R3008L,0.0
AR.W742L,0.0
BRAF.G469S,0.0
BRAF.G469V,0.0
BRAF.G596C,0.0
CASP8.R127*,0.0
CASP8.R127Q,0.0
CASP8.R292Q,0.0
CASP8.R292W,0.0
CASP8.R491*,0.0
CASP8.R491Q,0.0
CASP8.R494*,0.0
CASP8.X243_splice,0.0
CBFB.W73*,0.0
CBL.C384R,0.0
CBL.E276K,0.0
CBL.F418I,0.0
CBL.P417H,0.0
CBL.P417L,0.0
CARD11.R423W,0.0
CBL.R420G,0.0
CCND1.E9K,0.0
CCND1.P287A,0.0
CCND1.P287L,0.0
CCND1.P287R,0.0
CCND1.P287S,0.0
CCND1.P287T,0.0
CCND1.S41L,0.0
CCND1.T286A,0.0
CCND1.T286I,0.0
CCND3.Q276*,0.0
CD79B.X185_splice,0.0
CD79B.Y197D,0.0
CDH1.D254E,0.0
CDH1.D254N,0.0
CCND1.E9D,0.0
CARD11.R423Q,0.0
CARD11.R337Q,0.0
CARD11.R337*,0.0
BRAF.G596R,0.0
BRAF.G596S,0.0
BRAF.G596V,0.0
BRAF.I592_A598dup,0.0
BRAF.K601E,0.0
BRAF.K601N,0.0
BRAF.L485F,0.0
BRAF.L505H,0.0
BRAF.L597Q,0.0
BRAF.L597R,0.0
BRAF.L597S,0.0
BRAF.L597V,0.0
BRAF.N486_A489delinsK,0.0
BRAF.N486_P490del,0.0
BRAF.N581D,0.0
BRAF.N581H,0.0
BRAF.N581I,0.0
CARD11.E93K,0.0
CARD11.E626Q,0.0
CARD11.E626*,0.0
BRCA2.S2303F,0.0
BRAF.X327_splice,0.0
BRAF.W604L,0.0
CTNNB1.D32A,0.0
BRAF.V600_K601delinsE,0.0
BRAF.V600K,0.0
BRAF.T599dup,0.0
BRAF.S467L,0.0
BRAF.N581Y,0.0
BRAF.N581T,0.0
BRAF.N581S,0.0
BRAF.V600R,0.0
ARID1A.R1989*,0.0
CTNNB1.D32G,0.0
CTNNB1.D32N,0.0
EP300.R1627Q,0.0
EP300.R1627W,0.0
EP300.W1466*,0.0
EP300.W1466C,0.0
EP300.W1466L,0.0
EP300.W1466R,0.0
EP300.X1539_splice,0.0
EP300.Y1414C,0.0
EP300.Y1446C,0.0
EP300.Y1467C,0.0
EP300.Y1467H,0.0
EP300.Y1467K,0.0
EP300.Y1467N,0.0
EP300.Y1467S,0.0
EP300.Q1455R,0.0
EPHA3.R136*,0.0
EPHB1.D806N,0.0
EPHB1.N749K,0.0
EPHB1.R743Q,0.0
EPHB1.R743W,0.0
EPHB1.R767C,0.0
ERBB2.A293T,0.0
ERBB2.D277H,0.0
ERBB2.D277V,0.0
ERBB2.D277Y,0.0
ERBB2.D769H,0.0
ERBB2.D769Y,0.0
ERBB2.G660D,0.0
ERBB2.G776V,0.0
ERBB2.G778_P780dup,0.0
EPHB1.D762N,0.0
ERBB2.I767M,0.0
EP300.Q1455H,0.0
EP300.L415P,0.0
EIF1AX.G15V,0.0
EIF1AX.G6C,0.0
EIF1AX.G6D,0.0
EIF1AX.G6R,0.0
EIF1AX.G6S,0.0
EIF1AX.G8E,0.0
EIF1AX.G8R,0.0
EIF1AX.G9D,0.0
EIF1AX.G9R,0.0
EIF1AX.G9V,0.0
EIF1AX.K10E,0.0
EIF1AX.K10T,0.0
EIF1AX.N4I,0.0
EIF1AX.N4S,0.0
EP300.P1452L,0.0
EIF1AX.N4Y,0.0
EIF1AX.P2S,0.0
EIF1AX.R12G,0.0
EIF1AX.R13C,0.0
EIF1AX.R13G,0.0
EIF1AX.R13H,0.0
EIF1AX.R13L,0.0
EIF1AX.R13P,0.0
EIF1AX.X113_splice,0.0
EIF1AX.X6_splice,0.0
EP300.C1164Y,0.0
EP300.D1399E,0.0
EP300.D1399Y,0.0
EP300.F1373L,0.0
EP300.H1451Q,0.0
EIF1AX.P2L,0.0
EIF1AX.G15D,0.0
ERBB2.L755A,0.0
ERBB2.L755S,0.0
ERBB3.T355I,0.0
ERBB3.V104L,0.0
ERBB3.V104M,0.0
ERBB4.F1102C,0.0
ERBB4.K1002R,0.0
ERBB4.K1002T,0.0
ERBB4.K1223R,0.0
ERBB4.K1223T,0.0
ERBB4.L798P,0.0
ERBB4.L798R,0.0
ERBB4.S774G,0.0
ERBB4.S774R,0.0
ERCC2.D609E,0.0
ERCC2.E606Q,0.0
ERBB3.T355A,0.0
ERCC2.N238S,0.0
ERCC2.P463Q,0.0
ERCC2.P463S,0.0
ERCC2.S246F,0.0
ERCC2.S246Y,0.0
ERCC2.T484A,0.0
ERCC2.T484M,0.0
ERCC2.Y24C,0.0
ERCC2.Y72C,0.0
ESR1.E380Q,0.0
ESR1.L536H,0.0
ESR1.L536P,0.0
ESR1.L536R,0.0
ESR1.V422del,0.0
ESR1.Y537C,0.0
ERCC2.P463L,0.0
ERBB2.L755P,0.0
ERBB3.S846I,0.0
ERBB3.R103G,0.0
ERBB2.L869R,0.0
ERBB2.R103Q,0.0
ERBB2.R678Q,0.0
ERBB2.R678W,0.0
ERBB2.T733I,0.0
ERBB2.T862A,0.0
ERBB2.V659E,0.0
ERBB2.V697L,0.0
ERBB2.V777L,0.0
ERBB2.V777M,0.0
ERBB2.V842I,0.0
ERBB3.A232T,0.0
ERBB3.A232V,0.0
ERBB3.D297A,0.0
ERBB3.R475W,0.0
ERBB3.D297H,0.0
ERBB3.D297Y,0.0
ERBB3.E332K,0.0
ERBB3.E928G,0.0
ERBB3.F219C,0.0
ERBB3.F219L,0.0
ERBB3.H228Q,0.0
ERBB3.H228R,0.0
ERBB3.K329E,0.0
ERBB3.K329T,0.0
ERBB3.M60K,0.0
ERBB3.M60R,0.0
ERBB3.M91I,0.0
ERBB3.N126I,0.0
ERBB3.N126K,0.0
ERBB3.D297V,0.0
EGFR.Y764_D770dup,0.0
EGFR.T790M,0.0
EGFR.T751_E758del,0.0
CTNNB1.T41I,0.0
CTNNB1.T41N,0.0
CTNNB1.W25_D32del,0.0
CTNNB1.W25_H36del,0.0
CTNNB1.W383C,0.0
CTNNB1.W383R,0.0
CTNNB1.W383S,0.0
CTNNB1.Y30_S33del,0.0
CUL3.M299R,0.0
DAXX.E457del,0.0
DAXX.E457dup,0.0
DICER1.D1709N,0.0
DICER1.D1810N,0.0
DICER1.D1810V,0.0
CTNNB1.S45del,0.0
DICER1.D1810Y,0.0
DICER1.E1813K,0.0
DICER1.E1813Q,0.0
DICER1.S1344L,0.0
DIS3.D479G,0.0
DIS3.D479H,0.0
DIS3.D479V,0.0
DIS3.D479Y,0.0
DIS3.D488G,0.0
DIS3.D488N,0.0
DIS3.D488Y,0.0
DIS3.L767F,0.0
DIS3.R382G,0.0
DIS3.R382Q,0.0
DIS3.R689Q,0.0
DICER1.E1813G,0.0
DIS3.R780K,0.0
CTNNB1.S45Y,0.0
CTNNB1.S45F,0.0
CTNNB1.D32V,0.0
CTNNB1.D32_I35delinsV,0.0
CTNNB1.D32_S33del,0.0
CTNNB1.D32_S37delinsA,0.0
CTNNB1.G34E,0.0
CTNNB1.G34R,0.0
CTNNB1.G34V,0.0
CTNNB1.G34_S71del,0.0
CTNNB1.H36P,0.0
CTNNB1.I35S,0.0
CTNNB1.K292E,0.0
CTNNB1.K292T,0.0
CTNNB1.K335I,0.0
CTNNB1.K335T,0.0
CTNNB1.S45P,0.0
CTNNB1.L31_S33del,0.0
CTNNB1.N387K,0.0
CTNNB1.P44_S60del,0.0
CTNNB1.Q26_D32delinsH,0.0
CTNNB1.Q28_D32delinsH,0.0
CTNNB1.R535*,0.0
CTNNB1.S33A,0.0
CTNNB1.S33P,0.0
CTNNB1.S33Y,0.0
CTNNB1.S33_A39del,0.0
CTNNB1.S37A,0.0
CTNNB1.S37P,0.0
CTNNB1.S37Y,0.0
CTNNB1.S45A,0.0
CTNNB1.S45C,0.0
CTNNB1.N387I,0.0
DIS3.R780S,0.0
DNMT1.E432K,0.0
DNMT1.E51K,0.0
EGFR.L747S,0.0
EGFR.L747_E749del,0.0
EGFR.L747_P753delinsS,0.0
EGFR.L747_S752del,0.0
EGFR.L747_T751del,0.0
EGFR.L833M,0.0
EGFR.L833V,0.0
EGFR.L858R,0.0
EGFR.L861Q,0.0
EGFR.N771_H773dup,0.0
EGFR.N771_P772insH,0.0
EGFR.N771_P772insHH,0.0
EGFR.N771_P772insV,0.0
EGFR.P596L,0.0
EGFR.L747P,0.0
EGFR.P753L,0.0
EGFR.P772_H773insTPNP,0.0
EGFR.R108G,0.0
EGFR.R222C,0.0
EGFR.R222H,0.0
EGFR.R252C,0.0
EGFR.R252H,0.0
EGFR.R832C,0.0
EGFR.R836H,0.0
EGFR.S752_I759del,0.0
EGFR.S768_D770dup,0.0
EGFR.T263P,0.0
EGFR.T363I,0.0
EGFR.T363N,0.0
EGFR.T751_A755del,0.0
EGFR.P772_H773dup,0.0
EGFR.L747F,0.0
EGFR.L62R,0.0
EGFR.K745_E746insVPVAIK,0.0
DNMT3A.R882C,0.0
DNMT3A.R882H,0.0
DNMT3B.V229L,0.0
DNMT3B.V229M,0.0
DOT1L.G137R,0.0
DOT1L.S118L,0.0
DOT1L.V119L,0.0
EGFR.A289D,0.0
EGFR.A289T,0.0
EGFR.A289V,0.0
EGFR.A750P,0.0
EGFR.A767_V769dup,0.0
EGFR.D770_N771insG,0.0
EGFR.D770_N771insGF,0.0
EGFR.D770_N771insGL,0.0
EGFR.D770_N771insY,0.0
EGFR.D770_P772dup,0.0
EGFR.H773dup,0.0
EGFR.H773_V774dup,0.0
EGFR.H304Y,0.0
EGFR.G719S,0.0
EGFR.G719D,0.0
EGFR.G719C,0.0
CTNNB1.D32H,0.0
EGFR.G598E,0.0
EGFR.F254I,0.0
EGFR.E84V,0.0
EGFR.E746_T751delinsA,0.0
EGFR.E709_T710delinsD,0.0
EGFR.E709K,0.0
EGFR.E709A,0.0
EGFR.G598A,0.0
ESR1.Y537D,0.0
ARID1A.R1722*,0.0
ARID1A.R1461*,0.0
FAM46C_TRUNC,0.0
FANCA_TRUNC,0.0
FANCC_TRUNC,0.0
FGF19_TRUNC,0.0
FGF3_TRUNC,0.0
FGF4_TRUNC,0.0
FGFR1_TRUNC,0.0
FGFR4_TRUNC,0.0
FH_TRUNC,0.0
FLCN_TRUNC,0.0
FLT1_TRUNC,0.0
FLT4_TRUNC,0.0
FOXA1_TRUNC,0.0
FOXL2_TRUNC,0.0
FAM175A_TRUNC,0.0
FUBP1_TRUNC,0.0
GATA2_TRUNC,0.0
GNA11_TRUNC,0.0
GNAQ_TRUNC,0.0
GNAS_TRUNC,0.0
GREM1_TRUNC,0.0
GSK3B_TRUNC,0.0
H3F3C_TRUNC,0.0
HGF_TRUNC,0.0
HIST1H1C_TRUNC,0.0
HIST1H2BD_TRUNC,0.0
HIST1H3B_TRUNC,0.0
HNF1A_TRUNC,0.0
HRAS_TRUNC,0.0
ICOSLG_TRUNC,0.0
GATA1_TRUNC,0.0
IDH1_TRUNC,0.0
EZH2_TRUNC,0.0
ESR1_TRUNC,0.0
CDKN2B_TRUNC,0.0
CHEK1_TRUNC,0.0
CHEK2_TRUNC,0.0
CIC_TRUNC,0.0
CRKL_TRUNC,0.0
CRLF2_TRUNC,0.0
CSF1R_TRUNC,0.0
CTLA4_TRUNC,0.0
CTNNB1_TRUNC,0.0
CUL3_TRUNC,0.0
DAXX_TRUNC,0.0
DCUN1D1_TRUNC,0.0
DDR2_TRUNC,0.0
DIS3_TRUNC,0.0
ETV1_TRUNC,0.0
DNMT1_TRUNC,0.0
DNMT3B_TRUNC,0.0
DOT1L_TRUNC,0.0
EED_TRUNC,0.0
EGFL7_TRUNC,0.0
EGFR_TRUNC,0.0
EP300_TRUNC,0.0
EPCAM_TRUNC,0.0
EPHA5_TRUNC,0.0
EPHB1_TRUNC,0.0
ERBB2_TRUNC,0.0
ERBB3_TRUNC,0.0
ERBB4_TRUNC,0.0
ERCC3_TRUNC,0.0
ERCC5_TRUNC,0.0
DNMT3A_TRUNC,0.0
CDKN1A_TRUNC,0.0
IDH2_TRUNC,0.0
IGF1_TRUNC,0.0
MSH2_TRUNC,0.0
MTOR_TRUNC,0.0
MUTYH_TRUNC,0.0
MYC_TRUNC,0.0
MYCL1_TRUNC,0.0
MYCN_TRUNC,0.0
MYD88_TRUNC,0.0
MYOD1_TRUNC,0.0
NBN_TRUNC,0.0
NFE2L2_TRUNC,0.0
NKX3-1_TRUNC,0.0
NOTCH2_TRUNC,0.0
NOTCH4_TRUNC,0.0
NPM1_TRUNC,0.0
MRE11A_TRUNC,0.0
NRAS_TRUNC,0.0
NTRK1_TRUNC,0.0
NTRK2_TRUNC,0.0
NTRK3_TRUNC,0.0
PAK1_TRUNC,0.0
PAK7_TRUNC,0.0
PARK2_TRUNC,0.0
PARP1_TRUNC,0.0
PAX5_TRUNC,0.0
PBRM1_TRUNC,0.0
PDGFRA_TRUNC,0.0
PDGFRB_TRUNC,0.0
PDPK1_TRUNC,0.0
PHOX2B_TRUNC,0.0
PIK3C2G_TRUNC,0.0
NSD1_TRUNC,0.0
IFNGR1_TRUNC,0.0
MPL_TRUNC,0.0
MEN1_TRUNC,0.0
IGF2_TRUNC,0.0
IKBKE_TRUNC,0.0
IKZF1_TRUNC,0.0
IL10_TRUNC,0.0
IL7R_TRUNC,0.0
INPP4A_TRUNC,0.0
INPP4B_TRUNC,0.0
INSR_TRUNC,0.0
IRS1_TRUNC,0.0
IRS2_TRUNC,0.0
JAK2_TRUNC,0.0
JAK3_TRUNC,0.0
JUN_TRUNC,0.0
KDM5A_TRUNC,0.0
MITF_TRUNC,0.0
KDR_TRUNC,0.0
KLF4_TRUNC,0.0
KRAS_TRUNC,0.0
LATS1_TRUNC,0.0
LATS2_TRUNC,0.0
LMO1_TRUNC,0.0
MAP2K1_TRUNC,0.0
MAP2K2_TRUNC,0.0
MAP3K13_TRUNC,0.0
MAPK1_TRUNC,0.0
MCL1_TRUNC,0.0
MDC1_TRUNC,0.0
MDM2_TRUNC,0.0
MDM4_TRUNC,0.0
MED12_TRUNC,0.0
KIT_TRUNC,0.0
CDK6_TRUNC,0.0
CDK4_TRUNC,0.0
CDC73_TRUNC,0.0
GATA1,0.0
GREM1,0.0
H3F3C,0.0
HIST1H3B,0.0
ICOSLG,0.0
IFNGR1,0.0
IGF1,0.0
IGF2,0.0
IKBKE,0.0
IL10,0.0
INSR,0.0
JAK2,0.0
JAK3,0.0
JUN,0.0
FUBP1,0.0
KDR,0.0
LMO1,0.0
MAP2K2,0.0
MAPK1,0.0
MCL1,0.0
MDC1,0.0
MEN1,0.0
MUTYH,0.0
MYCL1,0.0
MYD88,0.0
NBN,0.0
NFE2L2,0.0
NKX2-1,0.0
NKX3-1,0.0
NPM1,0.0
KLF4,0.0
NRAS,0.0
FLCN,0.0
FAM175A,0.0
AKT3,0.0
ALOX12B,0.0
AURKA,0.0
B2M,0.0
BARD1,0.0
BBC3,0.0
BCL2,0.0
BCL2L1,0.0
BCL2L11,0.0
BCL6,0.0
BRD4,0.0
CASP8,0.0
CBFB,0.0
CCND3,0.0
FGFR1,0.0
CCNE1,0.0
CD276,0.0
CD79B,0.0
CDKN1A,0.0
CDKN2B,0.0
CHEK1,0.0
CRKL,0.0
CRLF2,0.0
DCUN1D1,0.0
DNMT3B,0.0
EGFL7,0.0
EPCAM,0.0
ERCC2,0.0
ERCC3,0.0
ETV1,0.0
CD274,0.0
NTRK1,0.0
PARK2,0.0
PARP1,0.0
U2AF1,0.0
XIAP,0.0
YAP1,0.0
AKT1_TRUNC,0.0
AKT2_TRUNC,0.0
AKT3_TRUNC,0.0
ALK_TRUNC,0.0
ALOX12B_TRUNC,0.0
AR_TRUNC,0.0
AURKA_TRUNC,0.0
AURKB_TRUNC,0.0
AXIN1_TRUNC,0.0
B2M_TRUNC,0.0
BARD1_TRUNC,0.0
SUFU,0.0
BBC3_TRUNC,0.0
BCL2L1_TRUNC,0.0
BCL2L11_TRUNC,0.0
BCL6_TRUNC,0.0
BMPR1A_TRUNC,0.0
BRAF_TRUNC,0.0
BRD4_TRUNC,0.0
BTK_TRUNC,0.0
CASP8_TRUNC,0.0
CBL_TRUNC,0.0
CCND3_TRUNC,0.0
CCNE1_TRUNC,0.0
CD274_TRUNC,0.0
CD276_TRUNC,0.0
CD79B_TRUNC,0.0
BCL2_TRUNC,0.0
STK40,0.0
SOCS1,0.0
SMO,0.0
PAX5,0.0
PDGFRB,0.0
PDPK1,0.0
PHOX2B,0.0
PIK3C3,0.0
PIK3CD,0.0
PIK3R3,0.0
PIM1,0.0
PMAIP1,0.0
PMS1,0.0
PNRC1,0.0
PRKAR1A,0.0
PTCH1,0.0
PTPN11,0.0
RAC1,0.0
RAD51C,0.0
RAD51L3,0.0
SMARCD1,0.0
SMAD3,0.0
SMAD2,0.0
SH2D1A,0.0
SDHD,0.0
SDHB,0.0
PIK3C3_TRUNC,0.0
SDHAF2,0.0
RPS6KB2,0.0
RIT1,0.0
RHOA,0.0
REL,0.0
RAD54L,0.0
RAD52,0.0
RUNX1,0.0
ARID1A.R1721*,0.0
PIK3CA_TRUNC,0.0
PIK3CD_TRUNC,0.0
NOTCH2_hotspot,0.0
NSD1_hotspot,0.0
PAK7_hotspot,0.0
PARP1_hotspot,0.0
PAX5_hotspot,0.0
PBRM1_hotspot,0.0
PDGFRA_hotspot,0.0
PDPK1_hotspot,0.0
PIK3CB_hotspot,0.0
PIK3CD_hotspot,0.0
PIK3R2_hotspot,0.0
PLK2_hotspot,0.0
POLE_hotspot,0.0
PTPN11_hotspot,0.0
NOTCH1_hotspot,0.0
PTPRS_hotspot,0.0
RAC1_hotspot,0.0
RAD50_hotspot,0.0
RAD51C_hotspot,0.0
RAD52_hotspot,0.0
RAF1_hotspot,0.0
RBM10_hotspot,0.0
RET_hotspot,0.0
RHOA_hotspot,0.0
RICTOR_hotspot,0.0
RIT1_hotspot,0.0
RNF43_hotspot,0.0
RPS6KA4_hotspot,0.0
RPTOR_hotspot,0.0
RUNX1_hotspot,0.0
PTPRT_hotspot,0.0
SDHA_hotspot,0.0
NFE2L2_hotspot,0.0
MYOD1_hotspot,0.0
HIST1H2BD_hotspot,0.0
HIST1H3B_hotspot,0.0
HNF1A_hotspot,0.0
IDH2_hotspot,0.0
IKZF1_hotspot,0.0
IL7R_hotspot,0.0
INPP4A_hotspot,0.0
IRF4_hotspot,0.0
JAK1_hotspot,0.0
JUN_hotspot,0.0
KDM5C_hotspot,0.0
KDM6A_hotspot,0.0
KDR_hotspot,0.0
KLF4_hotspot,0.0
NF1_hotspot,0.0
KMT2A_hotspot,0.0
KMT2D_hotspot,0.0
LATS2_hotspot,0.0
MAP2K2_hotspot,0.0
MAP2K4_hotspot,0.0
MAP3K1_hotspot,0.0
MAPK1_hotspot,0.0
MAX_hotspot,0.0
MDC1_hotspot,0.0
MED12_hotspot,0.0
MSH2_hotspot,0.0
MTOR_hotspot,0.0
MYC_hotspot,0.0
MYCN_hotspot,0.0
MYD88_hotspot,0.0
KMT2C_hotspot,0.0
HIST1H1C_hotspot,0.0
SDHAF2_hotspot,0.0
SMAD3_hotspot,0.0
ALK.F1174V,0.0
ALK.F1245I,0.0
ALK.R1275*,0.0
ALK.R1275L,0.0
ALK.R1275Q,0.0
ALK.R395H,0.0
ALK.R401*,0.0
ALK.R401Q,0.0
APC.E1353*,0.0
APC.E1397*,0.0
APC.E1408*,0.0
APC.Q1303*,0.0
APC.Q1328*,0.0
APC.Q1338*,0.0
ALK.F1174L,0.0
APC.Q1367*,0.0
APC.Q1429*,0.0
APC.R213*,0.0
APC.S1315*,0.0
ARAF.P216L,0.0
ARAF.P216R,0.0
ARAF.S214C,0.0
ARAF.S214F,0.0
ARAF.S214P,0.0
ARAF.S214Y,0.0
ARID1A.G2087E,0.0
ARID1A.G2087R,0.0
ARID1A.Q1142*,0.0
ARID1A.R1276*,0.0
ARID1A.R1335*,0.0
APC.Q1367E,0.0
SETD2_hotspot,0.0
AKT3.E17K,0.0
AKT2.R76_I84dup,0.0
SMARCA4_hotspot,0.0
SMARCD1_hotspot,0.0
SMO_hotspot,0.0
SOX17_hotspot,0.0
SOX9_hotspot,0.0
STAG2_hotspot,0.0
SYK_hotspot,0.0
TBX3_hotspot,0.0
TET1_hotspot,0.0
TET2_hotspot,0.0
TGFBR1_hotspot,0.0
TGFBR2_hotspot,0.0
TNFRSF14_hotspot,0.0
TP63_hotspot,0.0
AKT3.E17*,0.0
TRAF7_hotspot,0.0
U2AF1_hotspot,0.0
XPO1_hotspot,0.0
AKT1.D323G,0.0
AKT1.D323N,0.0
AKT1.D323Y,0.0
AKT1.E17*,0.0
AKT1.L52H,0.0
AKT1.L52R,0.0
AKT1.P68_C77dup,0.0
AKT1.Q79K,0.0
AKT1.T65_I75dup,0.0
AKT2.C60_I75dup,0.0
AKT2.L78_Q79insHANTFVIRCL,0.0
AKT2.R67_L78dup,0.0
TSC1_hotspot,0.0
HGF_hotspot,0.0
GSK3B_hotspot,0.0
GNAS_hotspot,0.0
SDHA_TRUNC,0.0
SDHAF2_TRUNC,0.0
SDHB_TRUNC,0.0
SDHC_TRUNC,0.0
SDHD_TRUNC,0.0
SF3B1_TRUNC,0.0
SH2D1A_TRUNC,0.0
SHQ1_TRUNC,0.0
SMAD2_TRUNC,0.0
SMAD3_TRUNC,0.0
SMARCB1_TRUNC,0.0
SMARCD1_TRUNC,0.0
SMO_TRUNC,0.0
SOCS1_TRUNC,0.0
RUNX1_TRUNC,0.0
SOX2_TRUNC,0.0
SRC_TRUNC,0.0
STK40_TRUNC,0.0
SUFU_TRUNC,0.0
SUZ12_TRUNC,0.0
TBX3_TRUNC,0.0
TERT_TRUNC,0.0
TGFBR1_TRUNC,0.0
TMEM127_TRUNC,0.0
TMPRSS2_TRUNC,0.0
TNFAIP3_TRUNC,0.0
TNFRSF14_TRUNC,0.0
TOP1_TRUNC,0.0
TP63_TRUNC,0.0
TRAF7_TRUNC,0.0
SPOP_TRUNC,0.0
TSHR_TRUNC,0.0
RPTOR_TRUNC,0.0
RPS6KA4_TRUNC,0.0
PIK3CG_TRUNC,0.0
PIK3R2_TRUNC,0.0
PIK3R3_TRUNC,0.0
PIM1_TRUNC,0.0
PLK2_TRUNC,0.0
PMAIP1_TRUNC,0.0
PMS1_TRUNC,0.0
PMS2_TRUNC,0.0
PNRC1_TRUNC,0.0
PRDM1_TRUNC,0.0
PRKAR1A_TRUNC,0.0
PTPN11_TRUNC,0.0
PTPRD_TRUNC,0.0
PTPRS_TRUNC,0.0
RPS6KB2_TRUNC,0.0
RAC1_TRUNC,0.0
RAD51_TRUNC,0.0
RAD51C_TRUNC,0.0
RAD51L3_TRUNC,0.0
RAD52_TRUNC,0.0
RAD54L_TRUNC,0.0
RAF1_TRUNC,0.0
RARA_TRUNC,0.0
RECQL4_TRUNC,0.0
REL_TRUNC,0.0
RET_TRUNC,0.0
RFWD2_TRUNC,0.0
RHOA_TRUNC,0.0
RICTOR_TRUNC,0.0
RIT1_TRUNC,0.0
RAD50_TRUNC,0.0
U2AF1_TRUNC,0.0
VTCN1_TRUNC,0.0
WT1_TRUNC,0.0
CIC_hotspot,0.0
CREBBP_hotspot,0.0
CRLF2_hotspot,0.0
CTCF_hotspot,0.0
CTLA4_hotspot,0.0
CUL3_hotspot,0.0
DAXX_hotspot,0.0
DICER1_hotspot,0.0
DIS3_hotspot,0.0
DNMT1_hotspot,0.0
DNMT3A_hotspot,0.0
DNMT3B_hotspot,0.0
DOT1L_hotspot,0.0
EPHA3_hotspot,0.0
CHEK2_hotspot,0.0
EPHB1_hotspot,0.0
ERCC2_hotspot,0.0
ETV6_hotspot,0.0
EZH2_hotspot,0.0
FAT1_hotspot,0.0
FGFR1_hotspot,0.0
FGFR4_hotspot,0.0
FH_hotspot,0.0
FLT1_hotspot,0.0
FOXL2_hotspot,0.0
FOXP1_hotspot,0.0
FUBP1_hotspot,0.0
GATA1_hotspot,0.0
GATA2_hotspot,0.0
GATA3_hotspot,0.0
ERBB4_hotspot,0.0
CDKN2C_hotspot,0.0
CDKN1B_hotspot,0.0
CDK8_hotspot,0.0
XIAP_TRUNC,0.0
XPO1_TRUNC,0.0
YAP1_TRUNC,0.0
YES1_TRUNC,0.0
AKT1_hotspot,0.0
AKT2_hotspot,0.0
AKT3_hotspot,0.0
AR_hotspot,0.0
ARAF_hotspot,0.0
ARID1A_hotspot,0.0
ARID1B_hotspot,0.0
ARID2_hotspot,0.0
ASXL2_hotspot,0.0
ATRX_hotspot,0.0
AXIN1_hotspot,0.0
AXL_hotspot,0.0
BAP1_hotspot,0.0
CDK6_hotspot,0.0
CDK4_hotspot,0.0
CDK12_hotspot,0.0
CD79B_hotspot,0.0
CCND3_hotspot,0.0
CBL_hotspot,0.0
PIK3CB_TRUNC,0.0
CBFB_hotspot,0.0
CARD11_hotspot,0.0
BRCA2_hotspot,0.0
BCOR_hotspot,0.0
BCL6_hotspot,0.0
BCL2L11_hotspot,0.0
BCL2_hotspot,0.0
CASP8_hotspot,0.0
ESR1.Y537N,0.0
ETV6.G375R,0.0
ETV6.G381E,0.0
PIK3CA.Q546L,0.0
PIK3CA.Q546P,0.0
PIK3CA.R108L,0.0
PIK3CA.R108S,0.0
PIK3CA.R108del,0.0
PIK3CA.R115L,0.0
PIK3CA.R115P,0.0
PIK3CA.R115Q,0.0
PIK3CA.R357*,0.0
PIK3CA.R357L,0.0
PIK3CA.R357Q,0.0
PIK3CA.R38C,0.0
PIK3CA.R38H,0.0
PIK3CA.R38S,0.0
PIK3CA.Q546K,0.0
PIK3CA.R93L,0.0
PIK3CA.R93W,0.0
PIK3CA.T1025A,0.0
PIK3CA.T1025S,0.0
PIK3CA.T1052K,0.0
PIK3CA.V344A,0.0
PIK3CA.V344G,0.0
PIK3CA.V344M,0.0
PIK3CA.Y1021C,0.0
PIK3CA.Y1021H,0.0
PIK3CB.D1067A,0.0
PIK3CB.D1067H,0.0
PIK3CB.D1067V,0.0
PIK3CB.D1067Y,0.0
PIK3CB.E1051G,0.0
PIK3CA.R93Q,0.0
PIK3CB.E1051K,0.0
PIK3CA.Q546H,0.0
PIK3CA.P539R,0.0
PIK3CA.K111Q,0.0
PIK3CA.K111_I112del,0.0
PIK3CA.K111del,0.0
PIK3CA.L113del,0.0
PIK3CA.L436_P449dup,0.0
PIK3CA.L452_G460del,0.0
PIK3CA.L452_P458del,0.0
PIK3CA.M1004I,0.0
PIK3CA.M1004V,0.0
PIK3CA.M1043I,0.0
PIK3CA.M1043L,0.0
PIK3CA.M1043T,0.0
PIK3CA.M1043V,0.0
PIK3CA.N1044Y,0.0
PIK3CA.Q546E,0.0
PIK3CA.N107I,0.0
PIK3CA.N114del,0.0
PIK3CA.N345D,0.0
PIK3CA.N345H,0.0
PIK3CA.N345I,0.0
PIK3CA.N345K,0.0
PIK3CA.N345T,0.0
PIK3CA.N345Y,0.0
PIK3CA.P104L,0.0
PIK3CA.P104R,0.0
PIK3CA.P104_V105del,0.0
PIK3CA.P447_L455del,0.0
PIK3CA.P449_L452del,0.0
PIK3CA.P471A,0.0
PIK3CA.P471L,0.0
PIK3CA.N107S,0.0
PIK3CA.K111N,0.0
PIK3CB.R321Q,0.0
PIK3CD.E1021K,0.0
PIK3R1.I442_N453del,0.0
PIK3R1.I566_P568delinsT,0.0
PIK3R1.I571_L581del,0.0
PIK3R1.I571_R574del,0.0
PIK3R1.K379E,0.0
PIK3R1.K379N,0.0
PIK3R1.K448_Y452del,0.0
PIK3R1.K459del,0.0
PIK3R1.K567E,0.0
PIK3R1.K567_I571del,0.0
PIK3R1.K567_L570del,0.0
PIK3R1.K567del,0.0
PIK3R1.K575_L581delinsM,0.0
PIK3R1.K575_R577del,0.0
PIK3R1.I405del,0.0
PIK3R1.K575_R577dup,0.0
PIK3R1.L380del,0.0
PIK3R1.L449_H450insQ,0.0
PIK3R1.L449_K459del,0.0
PIK3R1.L449del,0.0
PIK3R1.L466_E469del,0.0
PIK3R1.L466del,0.0
PIK3R1.L570P,0.0
PIK3R1.L570_D578del,0.0
PIK3R1.L573P,0.0
PIK3R1.L573_K575del,0.0
PIK3R1.N378del,0.0
PIK3R1.N441_T454del,0.0
PIK3R1.N453_Q455delinsK,0.0
PIK3R1.N453_Q457del,0.0
PIK3R1.K575_T576del,0.0
PIK3CD.C416R,0.0
PIK3R1.I405_L420del,0.0
PIK3R1.H450_K459del,0.0
PIK3CD.R894Q,0.0
PIK3R1.D440_E451del,0.0
PIK3R1.D440_K448del,0.0
PIK3R1.D440del,0.0
PIK3R1.D464_E468dup,0.0
PIK3R1.D464_Y467del,0.0
PIK3R1.D464_Y470dup,0.0
PIK3R1.D560G,0.0
PIK3R1.D560H,0.0
PIK3R1.D560Y,0.0
PIK3R1.D569_L581delinsE,0.0
PIK3R1.D569dup,0.0
PIK3R1.D578_M582delinsE,0.0
PIK3R1.E403_L404delinsV,0.0
PIK3R1.H450_Q455dup,0.0
PIK3R1.E439del,0.0
PIK3R1.E451del,0.0
PIK3R1.E458_K459del,0.0
PIK3R1.E458_Y463dup,0.0
PIK3R1.E458del,0.0
PIK3R1.E462_R465del,0.0
PIK3R1.E462_Y463delinsD,0.0
PIK3R1.E558_K561del,0.0
PIK3R1.E558_R562del,0.0
PIK3R1.F456_K459del,0.0
PIK3R1.F456_Q457del,0.0
PIK3R1.G446_L449delinsV,0.0
PIK3R1.H450_E451del,0.0
PIK3R1.H450_E451dup,0.0
PIK3R1.H450_E451insD,0.0
PIK3R1.E451_Y452del,0.0
PIK3CA.K111E,0.0
PIK3CA.I112_L113del,0.0
PIK3CA.I102_E103delinsK,0.0
NOTCH1.I471T,0.0
NOTCH1.P460L,0.0
NOTCH1.P460S,0.0
NOTCH1.R365C,0.0
NOTCH1.S356del,0.0
NOTCH1.Y358del,0.0
NOTCH2.R2400*,0.0
NRAS.G12A,0.0
NRAS.G12C,0.0
NRAS.G12D,0.0
NRAS.G12R,0.0
NRAS.G12S,0.0
NRAS.G12V,0.0
NRAS.G13C,0.0
NOTCH1.G310R,0.0
NRAS.G13D,0.0
NRAS.G13R,0.0
NRAS.G13S,0.0
NRAS.G13V,0.0
NRAS.G60E,0.0
NRAS.G60V,0.0
NRAS.Q61H,0.0
NRAS.Q61K,0.0
NRAS.Q61L,0.0
NRAS.Q61P,0.0
NRAS.Q61R,0.0
NSD1.C1710*,0.0
NSD1.E1970D,0.0
NSD1.R2039H,0.0
NSD1.T2029A,0.0
NRAS.G13F,0.0
PAK7.M173I,0.0
NOTCH1.G310E,0.0
NOTCH1.E455K,0.0
NFE2L2.I28T,0.0
NFE2L2.I28dup,0.0
NFE2L2.L30F,0.0
NFE2L2.L30P,0.0
NFE2L2.L74_Q87del,0.0
NFE2L2.Q26H,0.0
NFE2L2.Q26K,0.0
NFE2L2.Q26R,0.0
NFE2L2.Q73_T80del,0.0
NFE2L2.R34*,0.0
NFE2L2.R34G,0.0
NFE2L2.R34L,0.0
NFE2L2.R34P,0.0
NFE2L2.R34Q,0.0
NOTCH1.F357del,0.0
NFE2L2.R34_S40del,0.0
NFE2L2.T80A,0.0
NFE2L2.T80I,0.0
NFE2L2.T80R,0.0
NFE2L2.W24C,0.0
NFE2L2.W24R,0.0
NOTCH1.A2023T,0.0
NOTCH1.A465T,0.0
NOTCH1.C359del,0.0
NOTCH1.C440F,0.0
NOTCH1.C440W,0.0
NOTCH1.C456Y,0.0
NOTCH1.C467F,0.0
NOTCH1.D338del,0.0
NOTCH1.D469Y,0.0
NFE2L2.S33_R34del,0.0
PARP1.A278V,0.0
PARP1.R78W,0.0
PAX5.V26G,0.0
PIK3CA.E542Q,0.0
PIK3CA.E542V,0.0
PIK3CA.E545A,0.0
PIK3CA.E545D,0.0
PIK3CA.E545G,0.0
PIK3CA.E545Q,0.0
PIK3CA.E726A,0.0
PIK3CA.E726K,0.0
PIK3CA.E81*,0.0
PIK3CA.E81K,0.0
PIK3CA.E970K,0.0
PIK3CA.G1007D,0.0
PIK3CA.G1007R,0.0
PIK3CA.G1049A,0.0
PIK3CA.E542K,0.0
PIK3CA.G1049R,0.0
PIK3CA.G106R,0.0
PIK3CA.G106V,0.0
PIK3CA.G106_R108del,0.0
PIK3CA.G118D,0.0
PIK3CA.G364A,0.0
PIK3CA.G364R,0.0
PIK3CA.H1047L,0.0
PIK3CA.H1047Q,0.0
PIK3CA.H1047Y,0.0
PIK3CA.H1065L,0.0
PIK3CA.H1065Y,0.0
PIK3CA.H419_C420del,0.0
PIK3CA.H419_L422del,0.0
PIK3CA.H450_L455del,0.0
PIK3CA.G106C,0.0
PIK3CA.E542G,0.0
PIK3CA.E542A,0.0
PIK3CA.E453del,0.0
PBRM1.R1160*,0.0
PBRM1.R1160Q,0.0
PBRM1.R710*,0.0
PBRM1.R710G,0.0
PBRM1.R921*,0.0
PBRM1.X856_splice,0.0
PDGFRA.C235S,0.0
PDGFRA.C235Y,0.0
PDGFRA.D842V,0.0
PDGFRA.E229K,0.0
PDGFRA.N659K,0.0
PDGFRA.N659Y,0.0
PDPK1.P499L,0.0
PIK3CA.C378F,0.0
PIK3CA.C378R,0.0
PIK3CA.C378Y,0.0
PIK3CA.C604R,0.0
PIK3CA.E453_T462del,0.0
PIK3CA.E453_P466del,0.0
PIK3CA.E453_D454del,0.0
PIK3CA.E453Q,0.0
PIK3CA.E39K,0.0
PIK3CA.E365K,0.0
PIK3R1.N453_Y463del,0.0
PIK3CA.E110_K111dup,0.0
PIK3CA.D350V,0.0
PIK3CA.D350N,0.0
PIK3CA.D350G,0.0
PIK3CA.C90Y,0.0
PIK3CA.C90R,0.0
PIK3CA.C901F,0.0
PIK3CA.D939G,0.0
NFE2L2.G81V,0.0
PIK3R1.N453del,0.0
PIK3R1.P568_L573del,0.0
PTEN.Y27D,0.0
PTEN.Y27H,0.0
PTEN.Y27N,0.0
PTEN.Y346*,0.0
PTEN.Y346C,0.0
PTEN.Y346D,0.0
PTEN.Y65*,0.0
PTEN.Y68*,0.0
PTEN.Y68C,0.0
PTEN.Y68H,0.0
PTEN.Y68N,0.0
PTPN11.A461G,0.0
PTPN11.A461T,0.0
PTPN11.A72D,0.0
PTEN.Y27C,0.0
PTPN11.A72G,0.0
PTPN11.A72T,0.0
PTPN11.A72V,0.0
PTPN11.D61N,0.0
PTPN11.D61Y,0.0
PTPN11.E69K,0.0
PTPN11.E76G,0.0
PTPN11.E76K,0.0
PTPN11.E76Q,0.0
PTPN11.F285S,0.0
PTPN11.F285V,0.0
PTPN11.F71L,0.0
PTPN11.G503V,0.0
PTPN11.G60V,0.0
PTPN11.L262F,0.0
PTPN11.A72S,0.0
PTPN11.N308D,0.0
PTEN.Y27*,0.0
PTEN.Y178C,0.0
PTEN.R173P,0.0
PTEN.R233*,0.0
PTEN.R233Q,0.0
PTEN.R335*,0.0
PTEN.S170I,0.0
PTEN.S170N,0.0
PTEN.T277I,0.0
PTEN.T277N,0.0
PTEN.V175A,0.0
PTEN.V175E,0.0
PTEN.W111*,0.0
PTEN.W111R,0.0
PTEN.W111S,0.0
PTEN.W274*,0.0
PTEN.Y178H,0.0
PTEN.X212_splice,0.0
PTEN.X343_splice,0.0
PTEN.X70_splice,0.0
PTEN.X85_splice,0.0
PTEN.Y138C,0.0
PTEN.Y155C,0.0
PTEN.Y155H,0.0
PTEN.Y16*,0.0
PTEN.Y16D,0.0
PTEN.Y174*,0.0
PTEN.Y174D,0.0
PTEN.Y174H,0.0
PTEN.Y177*,0.0
PTEN.Y177D,0.0
PTEN.Y178*,0.0
PTEN.X267_splice,0.0
PTEN.R173H,0.0
PTPN11.N308S,0.0
PTPN11.Q510H,0.0
RAD50.D69N,0.0
RAD50.D69Y,0.0
RAD51C.P21A,0.0
RAD51C.P21S,0.0
RAD51C.P21T,0.0
RAD52.R396H,0.0
RAF1.S257L,0.0
RAF1.S259C,0.0
RAF1.S259F,0.0
RAF1.S259P,0.0
RB1.F755I,0.0
RB1.G449E,0.0
RB1.G449R,0.0
RB1.Q444H,0.0
RAC1.Q61R,0.0
RB1.Q444L,0.0
RB1.R251*,0.0
RB1.R251Q,0.0
RB1.R320*,0.0
RB1.R445*,0.0
RB1.R451C,0.0
RB1.R455*,0.0
RB1.R467*,0.0
RB1.R552*,0.0
RB1.R579*,0.0
RB1.R787*,0.0
RB1.S758L,0.0
RB1.X203_splice,0.0
RB1.X405_splice,0.0
RB1.X406_splice,0.0
RB1.Q702K,0.0
PTPN11.P33S,0.0
RAC1.Q61K,0.0
RAC1.P29T,0.0
PTPN11.Q510L,0.0
PTPN11.R512Q,0.0
PTPN11.S502L,0.0
PTPN11.S502P,0.0
PTPN11.T468M,0.0
PTPN11.T507K,0.0
PTPRD.A1716T,0.0
PTPRD.A494S,0.0
PTPRD.D500N,0.0
PTPRD.G1719W,0.0
PTPRD.H1843Y,0.0
PTPRD.L1675I,0.0
PTPRD.Q1718H,0.0
PTPRD.R1674C,0.0
RAC1.P34R,0.0
PTPRS.R1492Q,0.0
PTPRT.E548K,0.0
PTPRT.L695F,0.0
PTPRT.R364*,0.0
PTPRT.R364Q,0.0
RAC1.A178V,0.0
RAC1.C18F,0.0
RAC1.G12R,0.0
RAC1.G12V,0.0
RAC1.N111I,0.0
RAC1.N111K,0.0
RAC1.N111S,0.0
RAC1.P29F,0.0
RAC1.P29L,0.0
RAC1.P29S,0.0
PTPRS.R1492W,0.0
PTEN.R173C,0.0
PTEN.R159S,0.0
PTEN.R130S,0.0
PPP2R1A.E297D,0.0
PPP2R1A.E297K,0.0
PPP2R1A.P179L,0.0
PPP2R1A.R105Q,0.0
PPP2R1A.R144C,0.0
PPP2R1A.R182W,0.0
PPP2R1A.R183Q,0.0
PPP2R1A.R183W,0.0
PPP2R1A.R221W,0.0
PPP2R1A.R258C,0.0
PPP2R1A.R258H,0.0
PPP2R1A.S143F,0.0
PPP2R1A.S146L,0.0
PPP2R1A.S219L,0.0
POLE.V411L,0.0
PPP2R1A.S256Y,0.0
PTEN.A121T,0.0
PTEN.A126D,0.0
PTEN.A126G,0.0
PTEN.A126S,0.0
PTEN.A126V,0.0
PTEN.A34V,0.0
PTEN.C105W,0.0
PTEN.C105Y,0.0
PTEN.C124G,0.0
PTEN.C124S,0.0
PTEN.C124Y,0.0
PTEN.C136*,0.0
PTEN.C71F,0.0
PTEN.C71Y,0.0
PPP2R1A.W257C,0.0
PTEN.D24E,0.0
POLE.P286R,0.0
POLE.E18K,0.0
PIK3R1.Q455_S460dup,0.0
PIK3R1.Q457_S460del,0.0
PIK3R1.R348*,0.0
PIK3R1.R461_E462delinsQ,0.0
PIK3R1.R574I,0.0
PIK3R1.R574del,0.0
PIK3R1.R577_D578del,0.0
PIK3R1.R577_L581del,0.0
PIK3R1.R577del,0.0
PIK3R1.S565N,0.0
PIK3R1.S565R,0.0
PIK3R1.T576M,0.0
PIK3R1.T576del,0.0
PIK3R1.V401_H407del,0.0
POLE.P286H,0.0
PIK3R1.V402_L413del,0.0
PIK3R1.X475_splice,0.0
PIK3R1.X582_splice,0.0
PIK3R1.Y452H,0.0
PIK3R1.Y452_N453insF,0.0
PIK3R1.Y452_Q457del,0.0
PIK3R1.Y452dup,0.0
PIK3R1.Y463_E468dup,0.0
PIK3R1.Y580C,0.0
PIK3R1.Y580D,0.0
PIK3R2.D557G,0.0
PIK3R2.D557N,0.0
PIK3R2.D557Y,0.0
PIK3R2.G373R,0.0
PLK2.M99I,0.0
PIK3R1.X434_splice,0.0
PTEN.D24G,0.0
PTEN.D24V,0.0
PTEN.D92E,0.0
PTEN.I67K,0.0
PTEN.I67T,0.0
PTEN.K125N,0.0
PTEN.K128N,0.0
PTEN.L140*,0.0
PTEN.L146*,0.0
PTEN.L152P,0.0
PTEN.L247*,0.0
PTEN.L25F,0.0
PTEN.L25V,0.0
PTEN.L320*,0.0
PTEN.L320S,0.0
PTEN.L70H,0.0
PTEN.M134I,0.0
PTEN.I33S,0.0
PTEN.M35I,0.0
PTEN.M35V,0.0
PTEN.N48K,0.0
PTEN.P38F,0.0
PTEN.P38L,0.0
PTEN.P38S,0.0
PTEN.P95L,0.0
PTEN.P96T,0.0
PTEN.Q171*,0.0
PTEN.Q171K,0.0
PTEN.Q171R,0.0
PTEN.R130*,0.0
PTEN.R130L,0.0
PTEN.R130P,0.0
PTEN.R130Q,0.0
PTEN.M35L,0.0
PTEN.I135K,0.0
PTEN.I101T,0.0
PTEN.H93Y,0.0
PTEN.D92G,0.0
PTEN.D92H,0.0
PTEN.D92N,0.0
PTEN.D92V,0.0
PTEN.D92Y,0.0
PTEN.G127*,0.0
PTEN.G127E,0.0
PTEN.G127R,0.0
PTEN.G127V,0.0
PTEN.G129*,0.0
PTEN.G129E,0.0
PTEN.G129R,0.0
PTEN.G129V,0.0
PTEN.G132A,0.0
PTEN.G132D,0.0
PTEN.G132S,0.0
PTEN.G132V,0.0
PTEN.H93R,0.0
PTEN.H93L,0.0
PTEN.H61R,0.0
PTEN.H61N,0.0
PTEN.H123Y,0.0
PTEN.H123L,0.0
PIK3R1.N564D,0.0
PTEN.G36R,0.0
PTEN.G251V,0.0
PTEN.G251D,0.0
PTEN.G251A,0.0
PTEN.G165R,0.0
PTEN.G165E,0.0
PTEN.G165*,0.0
PTEN.G36E,0.0
NFE2L2.G81S,0.0
NFE2L2.G81R,0.0
NFE2L2.G81D,0.0
HGF.G229D,0.0
HIST1H1C.E115K,0.0
HIST1H1C.K23del,0.0
HIST1H2BD.D52N,0.0
HIST1H2BD.E3K,0.0
HIST1H2BD.E3Q,0.0
HIST1H2BD.P9L,0.0
HIST1H2BD.V45L,0.0
HIST1H3B.E106K,0.0
HIST1H3B.E106Q,0.0
HIST1H3B.E51D,0.0
HIST1H3B.E51K,0.0
HIST1H3B.K28M,0.0
HNF1A.G338A,0.0
GSK3B.X239_splice,0.0
HNF1A.R114C,0.0
HRAS.A59T,0.0
HRAS.G12C,0.0
HRAS.G12D,0.0
HRAS.G12N,0.0
HRAS.G12S,0.0
HRAS.G12V,0.0
HRAS.G13C,0.0
HRAS.G13D,0.0
HRAS.G13N,0.0
HRAS.G13R,0.0
HRAS.G13S,0.0
HRAS.G13V,0.0
HRAS.K117N,0.0
HRAS.Q61H,0.0
HNF1A.R114H,0.0
HRAS.Q61K,0.0
GNAS.R201S,0.0
GNAS.R201H,0.0
FOXP1.R514C,0.0
FOXP1.R514H,0.0
FOXP1.S448L,0.0
FOXP1.X511_splice,0.0
FUBP1.R430C,0.0
FUBP1.R430H,0.0
GATA1.R270W,0.0
GATA2.C352*,0.0
GATA2.C352R,0.0
GATA3.M293K,0.0
GATA3.M293R,0.0
GATA3.R364G,0.0
GATA3.R364S,0.0
GATA3.R364T,0.0
GNAS.R201L,0.0
GATA3.R366*,0.0
GNA11.Q209P,0.0
GNA11.R183C,0.0
GNA11.R183H,0.0
GNAQ.G48L,0.0
GNAQ.Q209P,0.0
GNAQ.R183*,0.0
GNAQ.R183Q,0.0
GNAS.Q227H,0.0
GNAS.Q227K,0.0
GNAS.Q227L,0.0
GNAS.R160C,0.0
GNAS.R160H,0.0
GNAS.R160P,0.0
GNAS.R201C,0.0
GATA3.R366Q,0.0
FOXL2.E118Q,0.0
HRAS.Q61L,0.0
IDH1.R132I,0.0
KDM6A.X1336_splice,0.0
KDM6A.X76_splice,0.0
KDR.A163E,0.0
KDR.E1097K,0.0
KDR.K168N,0.0
KDR.M197I,0.0
KDR.R1032*,0.0
KDR.R1032Q,0.0
KDR.S1037L,0.0
KDR.S1100F,0.0
KDR.W1096R,0.0
KEAP1.D165N,0.0
KEAP1.G333C,0.0
KEAP1.G333F,0.0
KDM6A.X129_splice,0.0
KEAP1.G333S,0.0
KEAP1.G417R,0.0
KEAP1.G417V,0.0
KEAP1.G417W,0.0
KEAP1.G429S,0.0
KEAP1.G429V,0.0
KEAP1.G476V,0.0
KEAP1.G477S,0.0
KEAP1.G480W,0.0
KEAP1.G509V,0.0
KEAP1.G509W,0.0
KEAP1.M110I,0.0
KEAP1.M110V,0.0
KEAP1.M550I,0.0
KEAP1.R260*,0.0
KEAP1.G364C,0.0
IDH1.R132G,0.0
KDM6A.X1293_splice,0.0
KDM6A.Q555*,0.0
IDH1.R132L,0.0
IDH2.R140L,0.0
IDH2.R140Q,0.0
IDH2.R140W,0.0
IDH2.R172G,0.0
IDH2.R172K,0.0
IDH2.R172M,0.0
IDH2.R172S,0.0
IDH2.R172T,0.0
IDH2.R172W,0.0
IKZF1.E304K,0.0
IL7R.I241F,0.0
IL7R.I241M,0.0
IL7R.I241V,0.0
KDM6A.X1246_splice,0.0
IL7R.K395M,0.0
IL7R.K395T,0.0
IL7R.R206*,0.0
IL7R.R206Q,0.0
INPP4A.N831H,0.0
INPP4A.R829W,0.0
IRF4.Y428*,0.0
JAK1.L910P,0.0
JAK1.L910S,0.0
JUN.E112K,0.0
JUN.E112Q,0.0
KDM5C.E158K,0.0
KDM5C.R159H,0.0
KDM6A.G526E,0.0
KDM6A.Q1003P,0.0
IL7R.K395R,0.0
FOXL2.E118K,0.0
FOXL2.C134W,0.0
FOXA1.Y259S,0.0
FBXW7.R479*,0.0
FBXW7.R479G,0.0
FBXW7.R479L,0.0
FBXW7.R479P,0.0
FBXW7.R479Q,0.0
FBXW7.R505C,0.0
FBXW7.R505G,0.0
FBXW7.R505H,0.0
FBXW7.R505L,0.0
FBXW7.R505S,0.0
FBXW7.R658*,0.0
FBXW7.R658Q,0.0
FBXW7.R689Q,0.0
FBXW7.R689W,0.0
FBXW7.R465S,0.0
FBXW7.S426L,0.0
FBXW7.S546L,0.0
FBXW7.S582L,0.0
FBXW7.S582P,0.0
FBXW7.T532I,0.0
FBXW7.X195_splice,0.0
FBXW7.Y545C,0.0
FGFR1.K687E,0.0
FGFR1.K687N,0.0
FGFR1.N577D,0.0
FGFR1.N577K,0.0
FGFR2.C382R,0.0
FGFR2.C382Y,0.0
FGFR2.F276I,0.0
FGFR2.N549H,0.0
FBXW7.S546*,0.0
FGFR2.N549K,0.0
FBXW7.R465L,0.0
FBXW7.R441W,0.0
ETV6.R369Q,0.0
ETV6.R369W,0.0
EZH2.K515R,0.0
EZH2.Y646C,0.0
EZH2.Y646F,0.0
EZH2.Y646H,0.0
EZH2.Y646N,0.0
FAT1.R1627*,0.0
FAT1.R1627Q,0.0
FBXW7.A503V,0.0
FBXW7.D520G,0.0
FBXW7.D520N,0.0
FBXW7.D520Y,0.0
FBXW7.E287D,0.0
FBXW7.R465C,0.0
FBXW7.E287K,0.0
FBXW7.G423*,0.0
FBXW7.G423V,0.0
FBXW7.G437E,0.0
FBXW7.G437V,0.0
FBXW7.G517E,0.0
FBXW7.R14*,0.0
FBXW7.R14Q,0.0
FBXW7.R224*,0.0
FBXW7.R224Q,0.0
FBXW7.R278*,0.0
FBXW7.R393*,0.0
FBXW7.R393Q,0.0
FBXW7.R441L,0.0
FBXW7.R441Q,0.0
FBXW7.E287Q,0.0
FGFR2.N549S,0.0
FGFR2.N549T,0.0
FGFR2.P253L,0.0
FOXA1.H247Y,0.0
FOXA1.I176M,0.0
FOXA1.I176V,0.0
FOXA1.K264dup,0.0
FOXA1.K267dup,0.0
FOXA1.M253K,0.0
FOXA1.M253R,0.0
FOXA1.M253_N256del,0.0
FOXA1.M253_Y259del,0.0
FOXA1.N252_C258del,0.0
FOXA1.N252_G257del,0.0
FOXA1.N252_S408del,0.0
FOXA1.Q263_C268del,0.0
FOXA1.Q263_G281del,0.0
FOXA1.H247R,0.0
FOXA1.R219C,0.0
FOXA1.R261C,0.0
FOXA1.R261G,0.0
FOXA1.R261H,0.0
FOXA1.R261S,0.0
FOXA1.R265_K270del,0.0
FOXA1.S242F,0.0
FOXA1.S242Y,0.0
FOXA1.S250F,0.0
FOXA1.S250Y,0.0
FOXA1.S250_F254del,0.0
FOXA1.S250_Y259del,0.0
FOXA1.S282_G283dup,0.0
FOXA1.V229I,0.0
FOXA1.Y259C,0.0
FOXA1.R219S,0.0
FOXA1.H247Q,0.0
FOXA1.H247L,0.0
FOXA1.F266V,0.0
FGFR2.P253R,0.0
FGFR2.R203C,0.0
FGFR2.R203H,0.0
FGFR2.S252L,0.0
FGFR2.Y375C,0.0
FGFR3.D280N,0.0
FGFR3.G370C,0.0
FGFR3.G380R,0.0
FGFR3.K650E,0.0
FGFR3.K650M,0.0
FGFR3.K650N,0.0
FGFR3.P250S,0.0
FGFR3.S249C,0.0
FGFR3.S371C,0.0
FGFR3.Y373C,0.0
FGFR4.N535K,0.0
FGFR4.V550L,0.0
FOXA1.F266S,0.0
FOXA1.F266L,0.0
FOXA1.F266C,0.0
FOXA1.F254_N256delinsY,0.0
FOXA1.F254_E255del,0.0
FOXA1.E255_N256del,0.0
KEAP1.R260L,0.0
FOXA1.D249_F254del,0.0
FOXA1.C258_R261del,0.0
FOXA1.C227R,0.0
FOXA1.A323_P326del,0.0
FLT1.E1011K,0.0
FH.M336I,0.0
FGFR4.V550M,0.0
FOXA1.D226G,0.0
KEAP1.R260Q,0.0
KEAP1.R272C,0.0
KEAP1.R272H,0.0
MED12.G44S,0.0
MED12.G44V,0.0
MED12.K42_N46del,0.0
MED12.L1224F,0.0
MED12.L1224V,0.0
MED12.P49_E55del,0.0
MED12.V41_S52del,0.0
MET.D1010H,0.0
MET.D1010Y,0.0
MET.H1094R,0.0
MET.H1094Y,0.0
MET.M1250T,0.0
MET.V1070A,0.0
MET.Y1003C,0.0
MED12.G44D,0.0
MET.Y1003F,0.0
MET.Y1230H,0.0
MET.Y1230S,0.0
MSH2.E580*,0.0
MTOR.A1459D,0.0
MTOR.A1459P,0.0
MTOR.A1459V,0.0
MTOR.A1459_D1468del,0.0
MTOR.A1971P,0.0
MTOR.A1971T,0.0
MTOR.C1483F,0.0
MTOR.C1483R,0.0
MTOR.C1483Y,0.0
MTOR.E1455_D1458dup,0.0
MTOR.E1799K,0.0
MET.Y1230C,0.0
MTOR.F1888I,0.0
MED12.G44C,0.0
MDC1.K1025del,0.0
MAP2K1.P124M,0.0
MAP2K1.P124Q,0.0
MAP2K1.P124R,0.0
MAP2K1.Q56P,0.0
MAP2K1.R49H,0.0
MAP2K1.Y130C,0.0
MAP2K1.Y130H,0.0
MAP2K2.F57L,0.0
MAP2K2.F57V,0.0
MAP2K4.R110*,0.0
MAP2K4.R110L,0.0
MAP2K4.R110Q,0.0
MAP2K4.R134L,0.0
MAP2K4.R134Q,0.0
MED12.G44A,0.0
MAP2K4.R134W,0.0
MAP2K4.S184W,0.0
MAP2K4.X297_splice,0.0
MAP2K4.X347_splice,0.0
MAP3K1.L380S,0.0
MAP3K1.S1330L,0.0
MAP3K1.S1330W,0.0
MAPK1.D321N,0.0
MAPK1.E322K,0.0
MAPK1.E81K,0.0
MAPK1.R135K,0.0
MAX.H28R,0.0
MAX.R60Q,0.0
MAX.R60W,0.0
MDC1.I1020_R1028del,0.0
MAP2K4.S184L,0.0
MTOR.F1888L,0.0
MTOR.I1973F,0.0
MTOR.I2500F,0.0
NF1.R2450Q,0.0
NF1.R440*,0.0
NF1.R440Q,0.0
NF1.R461*,0.0
NF1.R461Q,0.0
NFE2L2.D21_I22delinsE,0.0
NFE2L2.D27del,0.0
NFE2L2.D29G,0.0
NFE2L2.D29H,0.0
NFE2L2.D29N,0.0
NFE2L2.D29Y,0.0
NFE2L2.D77G,0.0
NFE2L2.D77H,0.0
NFE2L2.D77V,0.0
NF1.R2450*,0.0
NFE2L2.D77Y,0.0
NFE2L2.E79K,0.0
NFE2L2.E79Q,0.0
NFE2L2.E79V,0.0
NFE2L2.E79del,0.0
NFE2L2.E82D,0.0
NFE2L2.E82G,0.0
NFE2L2.E82Q,0.0
NFE2L2.G31A,0.0
NFE2L2.G31E,0.0
NFE2L2.G31R,0.0
NFE2L2.G31V,0.0
NFE2L2.G31del,0.0
NFE2L2.G81A,0.0
NFE2L2.G81C,0.0
NFE2L2.E79D,0.0
NF1.R1870W,0.0
NF1.R1870Q,0.0
NF1.R1241*,0.0
MTOR.I2500M,0.0
MTOR.I2500N,0.0
MTOR.L1460P,0.0
MTOR.L2427Q,0.0
MTOR.L2427R,0.0
MTOR.M1998I,0.0
MTOR.M2327I,0.0
MTOR.M2327V,0.0
MTOR.S2215F,0.0
MTOR.S2215T,0.0
MTOR.S2215Y,0.0
MTOR.T1977I,0.0
MTOR.T1977K,0.0
MTOR.T1977R,0.0
MTOR.V2006F,0.0
MTOR.V2006L,0.0
MTOR.W1456_L1460delinsC,0.0
MYOD1.L122R,0.0
MYD88.S243N,0.0
MYD88.M232T,0.0
MYD88.L265P,0.0
MYC.T73I,0.0
MYC.S298del,0.0
MAP2K1.P124L,0.0
MYC.S161L,0.0
MYC.P74R,0.0
MYC.P74Q,0.0
MYC.P74L,0.0
MYCN.P44L,0.0
MYCN.P44F,0.0
MTOR.Y1450_W1456del,0.0
MYC.P74S,0.0
RB1.X463_splice,0.0
MAP2K1.P105_A106del,0.0
MAP2K1.K57T,0.0
KIT.M552_V555del,0.0
KIT.M552_V555delinsI,0.0
KIT.M552_W557del,0.0
KIT.M552_Y570del,0.0
KIT.N566_P573del,0.0
KIT.N822I,0.0
KIT.N822K,0.0
KIT.N822Y,0.0
KIT.P551_M552delinsL,0.0
KIT.P551_V555del,0.0
KIT.P551_Y553delinsH,0.0
KIT.P573Q,0.0
KIT.Q556_D572del,0.0
KIT.Q556_V560delinsH,0.0
KIT.M552_E554delinsI,0.0
KIT.R888Q,0.0
KIT.T574_H580dup,0.0
KIT.V559A,0.0
KIT.V559D,0.0
KIT.V559G,0.0
KIT.V559_E561del,0.0
KIT.V559_G565del,0.0
KIT.V559_N566delinsD,0.0
KIT.V559_P573del,0.0
KIT.V560D,0.0
KIT.V560G,0.0
KIT.V560del,0.0
KIT.V654A,0.0
KIT.W557G,0.0
KIT.W557R,0.0
KIT.R888W,0.0
KIT.W557S,0.0
KIT.L576del,0.0
KIT.L576P,0.0
KEAP1.R272L,0.0
KEAP1.R272P,0.0
KEAP1.R320L,0.0
KEAP1.R320P,0.0
KEAP1.R320Q,0.0
KEAP1.R320W,0.0
KEAP1.R415H,0.0
KEAP1.R459Q,0.0
KEAP1.R460G,0.0
KEAP1.R470C,0.0
KEAP1.R470H,0.0
KEAP1.R470S,0.0
KEAP1.R601L,0.0
KEAP1.R601W,0.0
KIT.L576_H580dup,0.0
KEAP1.V155F,0.0
KIT.A502_Y503dup,0.0
KIT.D579del,0.0
KIT.D816H,0.0
KIT.D816V,0.0
KIT.D816Y,0.0
KIT.D820A,0.0
KIT.D820E,0.0
KIT.D820G,0.0
KIT.D820V,0.0
KIT.D820Y,0.0
KIT.K558_V560del,0.0
KIT.K558_V560delinsN,0.0
KIT.K642E,0.0
KIT.K642Q,0.0
KEAP1.V167F,0.0
KIT.W557_E561del,0.0
KIT.W557_K558del,0.0
KIT.W557_V559delinsF,0.0
KRAS.G60S,0.0
KRAS.G60V,0.0
KRAS.I36M,0.0
KRAS.K117N,0.0
KRAS.K117R,0.0
KRAS.L19F,0.0
KRAS.Q22H,0.0
KRAS.Q22K,0.0
KRAS.Q61A,0.0
KRAS.Q61E,0.0
KRAS.Q61K,0.0
KRAS.Q61L,0.0
KRAS.Q61R,0.0
KRAS.R68S,0.0
KRAS.G60D,0.0
LATS2.P479_A480dup,0.0
MAP2K1.A52V,0.0
MAP2K1.C121S,0.0
MAP2K1.E102_I103del,0.0
MAP2K1.E203K,0.0
MAP2K1.F53C,0.0
MAP2K1.F53I,0.0
MAP2K1.F53L,0.0
MAP2K1.F53V,0.0
MAP2K1.G128D,0.0
MAP2K1.G128V,0.0
MAP2K1.I103_K104del,0.0
MAP2K1.I99_K104del,0.0
MAP2K1.K57E,0.0
MAP2K1.K57N,0.0
MAP2K1.A132V,0.0
KRAS.G13V,0.0
KRAS.G13R,0.0
KRAS.G13E,0.0
KIT.Y578_D579insEQQLPY,0.0
KIT.Y823C,0.0
KIT.Y823D,0.0
KLF4.K409Q,0.0
KMT2A.R1264*,0.0
KMT2C.R4549C,0.0
KMT2C.R4549H,0.0
KMT2C.R4549S,0.0
KMT2C.R56*,0.0
KMT2C.R56Q,0.0
KMT2D.R1903*,0.0
KMT2D.R2685*,0.0
KMT2D.R5179H,0.0
KMT2D.R5179L,0.0
KMT2D.R5179P,0.0
KMT2D.R5432Q,0.0
KMT2D.R5432W,0.0
KRAS.G13C,0.0
KRAS.G13A,0.0
KRAS.G12L,0.0
KRAS.G12I,0.0
KRAS.G12F,0.0
KRAS.G12A,0.0
MAP2K1.N122D,0.0
KRAS.E63K,0.0
KRAS.A59T,0.0
KRAS.A59G,0.0
KRAS.A59E,0.0
KRAS.A146V,0.0
KRAS.A146T,0.0
KRAS.A146P,0.0
KRAS.D33E,0.0
PPP2R1A.V220M,0.0
