feature,mean_abs_shap
TP53,0.17353508986466942
KRAS,0.16457126800124158
Gender_F,0.07629445494435665
LogSNV_Mb,0.05154993511205486
CDKN2A_HomDel,0.05039278188077433
STK11,0.04264031036715919
Amp_3q,0.03698560086391944
Del_4q,0.02994939850313582
CDKN2B_HomDel,0.02960595634172318
KRAS.G12D,0.02811169525549309
Amp_19q,0.023571417082473033
Amp_7p,0.022055808003340754
Amp_5p,0.021736550385872983
CDKN2A_TRUNC,0.017963499862579644
BRAF_hotspot,0.014698016927249202
Del_10p,0.013311012422714052
FOXA1_Amp,0.013083802619348285
Del_Xq,0.013051727553515833
KRAS.G12V,0.012416501540892265
RB1_TRUNC,0.01161771954910685
Amp_6p,0.011176361037774507
MDM2_Amp,0.010969431190164499
EPHA3,0.010849481629643288
Del_1p,0.0108053994178102
TP53_hotspot,0.008967298020978993
SMAD4,0.00888408234851244
Del_15q,0.00788456040636553
PTPRT,0.007578463346352775
CCAC,0.0074474796682558134
GTGT,0.007318774816525987
Del_13q,0.00727692785179437
Del_22q,0.007167749281083452
GCAA,0.006377021670093547
CREBBP,0.0057946303684209294
ACGC,0.005635481491307064
GCAC,0.00522559336749641
ERBB2_Amp,0.005147456164301277
SETD2_TRUNC,0.005130532722947171
PTPRD,0.005098060160198614
ARID2,0.005036628762992423
PDGFRA,0.004950752839465711
PIK3CG,0.004713560558942911
Amp_1q,0.004703024304340274
ASXL1,0.004699855373798694
ERBB2_hotspot,0.00451292172523891
TTCG,0.00446658125846465
CSF1R,0.004394802506739773
Amp_22q,0.004304460192829381
NOTCH4,0.004187507804716087
Amp_13q,0.004134182509549696
Amp_17p,0.004095899161903045
STK11_TRUNC,0.0038629340036171957
CCGT,0.0036730556546420256
KMT2D_TRUNC,0.003535416370315817
SPEN,0.003534892547911743
RECQL4_Amp,0.003382567440933271
Del_8q,0.0033610453383415813
TCTA,0.0030769661036528775
FAM123B,0.003074914984490719
CARD11,0.002986593413456589
GTAT,0.0028997041397974986
PTEN,0.002874947748692126
Amp_20p,0.002861961157482722
CCND1_Amp,0.0027985653760598805
GNAS_Amp,0.002702339578689989
PTEN_TRUNC,0.0026903665994077045
PIK3C2G,0.0023747467260121294
DOT1L,0.0023628285042785542
EPHB1,0.0023587812494159635
Amp_Xp,0.0022683544070600096
ACTG,0.002233460583524669
Del_16q,0.0020297760770007505
PIK3CA,0.0018715799622371172
EGFR.E746_A750del,0.0018517977826119306
AR_Amp,0.001698537053899671
FBXW7_hotspot,0.0016846243672634896
PIK3R1,0.0016573675435313457
SDHA_Amp,0.001574779612538631
TERT_Amp,0.0014433225106158494
IGF1R,0.0014313799101087965
PTPRS,0.0014146702080610819
Del_11p,0.0014124284729626713
ATM,0.0012830381446416463
Del_1q,0.001271507118024441
CTAC,0.0011722063864722167
TCTT,0.0011268577304518021
CASP8,0.0011239125807901847
GTAG,0.0010758852540358145
PTEN_hotspot,0.0010727306824351182
CTNNB1_hotspot,0.001034097977118992
Del_7p,0.0009872963164859676
TTCC,0.0009859538156211283
AXIN2,0.000981151811671308
MEN1,0.0009517718049908871
Del_16p,0.0009387283036820318
PAK1_Amp,0.0008958857418677772
NOTCH3,0.0008817095585875703
JAK2,0.0008641961800925209
ACAC,0.0008636444298048073
CCAG,0.0008549129089989305
ATAT,0.000841145280671969
MSI_SCORE,0.0007955766099383107
CCTA,0.0007521754945044897
ACGT,0.0006817716761462102
ERBB2,0.0006259575419033846
PTCH1,0.000602605594426992
NOTCH2,0.0005860799460411078
ASXL2,0.000577075919302405
GTAC,0.0005459901147570761
KDM5C,0.0005164061145962204
GTCC,0.00048848127810054
Del_11q,0.00044791229358774566
PTEN_HomDel,0.0004410472943794484
CTCT,0.0004397650901596995
Amp_16p,0.00038607614993298075
GCGC,0.0003674495454502582
CDK12,0.00029505060973930244
GTCA,0.0002915820144466802
RNF43_TRUNC,0.0002619554391661119
Amp_17q,0.0002583969184262615
TTCT,0.0002415433207495328
CCTC,0.00023134763164823601
ARID1A_TRUNC,0.00023095660398362263
CCGG,0.00021045577318798346
Del_12p,0.00019015064569918803
Amp_8q,0.00017835666712602148
NKX3-1_HomDel,0.00017076921702874676
ATCA,0.00016802367397714943
TTAT,0.00014978649738310481
ATGT,0.00013611893462326863
PIK3CA_hotspot,0.00011709176527665046
GTCG,9.392109672379146e-05
Del_5p,8.799097080209117e-05
CTCC,8.64750638102442e-05
TTAC,6.573085919539614e-05
TCAG,6.317780522354826e-05
TCTC,5.15466111351408e-05
TTGT,4.652560460651708e-05
ACTC,4.5413422474083414e-05
TCGA,3.891179748254692e-05
CCGA,3.4316168014608195e-05
TP53.R175H,3.194496126951251e-05
ACTT,2.877926647649563e-05
GTCT,2.0676215950120934e-05
SMAD4_hotspot,1.6463002370557823e-05
KDM6A,1.5965740077220526e-05
AKT1_hotspot,1.3406555390596926e-05
CDH1,9.725183095264278e-06
Del_17p,9.42426988644931e-06
Amp_1p,7.88467125002909e-06
ATCG,0.0
Del_20q,0.0
Amp_9p,0.0
Amp_9q,0.0
TET1,0.0
RNF43,0.0
CDH1_TRUNC,0.0
NTRK1,0.0
TCTG,0.0
BRCA2,0.0
ATR,0.0
TTCA,0.0
AR,0.0
LogINDEL_Mb,0.0
NOTCH1,0.0
Amp_4p,0.0
CCTT,0.0
Amp_3p,0.0
MDC1,0.0
LATS1,0.0
KMT2D,0.0
KDR,0.0
CTGG,0.0
CTAT,0.0
GCGG,0.0
GCTT,0.0
ERBB3,0.0
Amp_11p,0.0
KRAS.G12C,0.0
KRAS.G13D,0.0
